Date,BTC price [USD],n-transactions,fee [USD],btc search trends,Gold price[USD],SP500 close index,Oil WTI price[USD],M2(Not seasonally adjusted)[1e+09 USD]
02-01-2014,749.27,54770,0.18,8,1225,1831.98,95.14,11089.3
03-01-2014,781.23,60980,0.18,8,1238.4,1831.37,93.66,11089.3
06-01-2014,904.98,67358,0.38,8,1237.8,1826.77,93.12,11089.3
07-01-2014,915.69,62911,0.38,8,1229.4,1837.88,93.31,11089.3
08-01-2014,790,61439,0.18,8,1225.3,1837.49,91.9,11089.3
09-01-2014,823.3,59031,0.18,8,1229.3,1838.13,91.36,11089.3
10-01-2014,826.28,54166,0.18,8,1246.7,1842.37,92.39,11089.3
13-01-2014,844.04,53461,0.21,8,1250.9,1819.2,91.45,11089.3
14-01-2014,823,57378,0.22,8,1245.2,1838.88,92.15,11089.3
15-01-2014,816,61612,0.22,8,1238.1,1848.38,93.78,11089.3
16-01-2014,841.83,56703,0.22,8,1240,1845.89,93.54,11089.3
17-01-2014,817.15,59026,0.19,8,1251.7,1838.7,93.96,11089.3
21-01-2014,827.81,72577,0.18,8,1242.3,1843.8,94.51,11089.3
22-01-2014,824.78,65835,0.18,8,1239,1844.86,96.35,11089.3
23-01-2014,819.62,63576,0.19,8,1262.6,1828.46,97.23,11089.3
24-01-2014,811.22,65600,0.19,8,1264.5,1790.29,96.66,11089.3
27-01-2014,814.21,64374,0.17,8,1263.6,1781.56,95.82,11089.3
28-01-2014,747.57,65762,0.17,8,1251,1792.5,97.49,11089.3
29-01-2014,785.6,59682,0.17,8,1262.2,1774.2,97.34,11089.3
30-01-2014,794,60799,0.17,8,1242.2,1794.19,98.25,11089.3
31-01-2014,800,60269,0.17,8,1240.1,1782.59,97.55,11089.3
03-02-2014,814.34,57600,0.17,9,1260.4,1741.89,96.44,11140.9
04-02-2014,808.5,69799,0.16,9,1251.7,1755.2,97.24,11140.9
05-02-2014,802.99,67529,0.16,9,1257.3,1751.64,97.4,11140.9
06-02-2014,781,70160,0.16,9,1257.6,1773.43,97.84,11140.9
07-02-2014,763.97,70514,0.14,9,1263.3,1797.02,99.98,11140.9
10-02-2014,687.37,66850,0.13,9,1274.8,1799.84,100.12,11140.9
11-02-2014,688.68,67229,0.13,9,1290.1,1819.75,99.96,11140.9
12-02-2014,675.1,62126,0.13,9,1295.3,1819.26,100.38,11140.9
13-02-2014,652.91,67339,0.14,9,1300.4,1829.83,100.27,11140.9
14-02-2014,610,74889,0.14,9,1319,1838.63,100.31,11140.9
18-02-2014,629.96,65408,0.29,9,1324.7,1840.76,102.54,11140.9
19-02-2014,629.59,70142,0.13,9,1320.6,1828.75,103.46,11140.9
20-02-2014,624.85,71144,0.13,9,1317.1,1839.78,103.2,11140.9
21-02-2014,563,69390,0.13,9,1323.9,1836.25,102.53,11140.9
24-02-2014,611.05,73796,0.12,9,1338.3,1847.61,103.17,11140.9
25-02-2014,542.68,80082,0.11,9,1343,1845.12,102.2,11140.9
26-02-2014,559.52,71897,0.11,9,1328.2,1845.16,102.93,11140.9
27-02-2014,585.21,72138,0.11,9,1331.6,1854.29,102.68,11140.9
28-02-2014,583.05,70290,0.11,9,1321.4,1859.45,102.88,11140.9
03-03-2014,561,81264,0.14,6,1350.1,1845.73,105.34,11266.3
04-03-2014,681.96,84600,0.14,6,1337.8,1873.91,103.64,11266.3
05-03-2014,673.28,72392,0.14,6,1340.2,1873.81,101.75,11266.3
06-03-2014,670.7,70527,0.13,6,1351.7,1877.03,101.82,11266.3
07-03-2014,669,72345,0.13,6,1338.1,1878.04,102.82,11266.3
10-03-2014,639.9,70884,0.15,6,1341.4,1877.17,101.39,11266.3
11-03-2014,629.33,76204,0.15,6,1346.5,1867.63,100.29,11266.3
12-03-2014,632.1,76339,0.13,6,1370.3,1868.2,98.29,11266.3
13-03-2014,634.95,72805,0.13,6,1372.2,1846.34,98.57,11266.3
14-03-2014,641.01,70615,0.13,6,1379,1841.13,99.23,11266.3
17-03-2014,634.99,66396,0.13,6,1372.9,1858.83,98.43,11266.3
18-03-2014,624.71,54142,0.11,6,1359,1872.25,100.08,11266.3
19-03-2014,615.49,73804,0.11,6,1341.4,1860.77,100.71,11266.3
20-03-2014,611.2,71002,0.11,6,1330.5,1872.01,99.68,11266.3
21-03-2014,585.6,73091,0.15,6,1336,1866.52,99.97,11266.3
24-03-2014,559.54,70983,0.12,6,1311.2,1857.44,100.05,11266.3
25-03-2014,585.58,71883,0.12,6,1311.4,1865.62,99.66,11266.3
26-03-2014,585.79,68315,0.12,6,1303.4,1852.56,100.61,11266.3
27-03-2014,578.5,71719,0.09,6,1294.7,1849.04,101.25,11266.3
28-03-2014,474.2,67079,0.09,6,1293.8,1857.62,101.73,11266.3
31-03-2014,458.66,65448,0.09,6,1283.4,1872.34,101.57,11266.3
01-04-2014,457.49,64136,0.09,4,1279.6,1885.52,99.69,11319.5
02-04-2014,479,66862,0.09,4,1290.5,1890.9,99.6,11319.5
03-04-2014,439.12,67075,0.09,4,1284.4,1888.77,100.29,11319.5
04-04-2014,448.72,65692,0.09,4,1303.2,1865.09,101.16,11319.5
07-04-2014,458,65810,0.09,4,1298,1845.04,100.43,11319.5
08-04-2014,449.99,67841,0.09,4,1308.7,1851.96,102.57,11319.5
09-04-2014,453,65153,0.13,4,1305.5,1872.18,103.55,11319.5
10-04-2014,441.93,68027,0.13,4,1320.1,1833.08,103.37,11319.5
11-04-2014,369,65732,0.13,4,1318.7,1815.69,103.68,11319.5
14-04-2014,417.58,70219,0.08,4,1327.2,1830.61,104.05,11319.5
15-04-2014,459.64,72809,0.1,4,1300,1842.98,103.7,11319.5
16-04-2014,523,68594,0.1,4,1303.1,1862.31,103.71,11319.5
17-04-2014,526.29,65190,0.1,4,1293.4,1864.85,104.33,11319.5
21-04-2014,501.54,58110,0.11,4,1288,1871.89,104.35,11319.5
22-04-2014,498.38,78042,0.11,4,1280.6,1879.55,101.69,11319.5
23-04-2014,488.52,73954,0.11,4,1284.2,1875.39,101.47,11319.5
24-04-2014,491.99,72694,0.11,4,1290.5,1878.61,102.2,11319.5
25-04-2014,502.15,72650,0.11,4,1300.7,1863.4,100.85,11319.5
28-04-2014,438.8,64546,0.12,4,1298.9,1869.43,101.13,11319.5
29-04-2014,442.44,65038,0.12,4,1296,1878.33,101.56,11319.5
30-04-2014,448,63657,0.09,4,1295.6,1883.95,100.07,11319.5
01-05-2014,452.03,59658,0.09,3,1283.1,1883.68,99.69,11262.8
02-05-2014,460.97,59981,0.09,3,1302.6,1881.14,100.09,11262.8
05-05-2014,436.75,67763,0.09,3,1309,1884.66,99.74,11262.8
06-05-2014,433,77228,0.08,3,1308.3,1867.72,99.81,11262.8
07-05-2014,428.01,69825,0.08,3,1288.6,1878.21,101.06,11262.8
08-05-2014,440.88,68937,0.08,3,1287.4,1875.63,100.52,11262.8
09-05-2014,437.61,66293,0.1,3,1287.3,1878.48,100.32,11262.8
12-05-2014,437.81,74418,0.08,3,1295.6,1896.65,100.89,11262.8
13-05-2014,442.45,69357,0.08,3,1294.6,1897.45,102.01,11262.8
14-05-2014,439.12,69808,0.08,3,1305.7,1888.53,102.63,11262.8
15-05-2014,444.65,74893,0.08,3,1293.5,1870.85,101.74,11262.8
16-05-2014,446.53,65433,0.08,3,1293.3,1877.86,102.31,11262.8
19-05-2014,446.89,64094,0.08,3,1293.7,1885.08,102.95,11262.8
20-05-2014,448.02,71520,0.08,3,1294.5,1872.83,102.8,11262.8
21-05-2014,488.12,68905,0.09,3,1288,1888.03,104.31,11262.8
22-05-2014,493.97,73343,0.09,3,1294.9,1892.49,104.03,11262.8
23-05-2014,528.32,72810,0.09,3,1291.6,1900.53,105.01,11262.8
27-05-2014,584.88,68524,0.1,3,1265.4,1911.91,104.78,11262.8
28-05-2014,572.7,72338,0.1,3,1259.3,1909.78,103.37,11262.8
29-05-2014,581,65362,0.1,3,1256.3,1920.03,104.26,11262.8
30-05-2014,569.01,65127,0.1,3,1245.6,1923.57,103.4,11262.8
02-06-2014,630.71,64434,0.11,3,1243.7,1924.97,103.07,11324.8
03-06-2014,662,69655,0.11,3,1244.3,1924.24,103.34,11324.8
04-06-2014,670.14,65094,0.11,3,1244,1927.88,103.27,11324.8
05-06-2014,642.86,66945,0.12,3,1253,1940.46,103.17,11324.8
06-06-2014,661.48,62342,0.12,3,1252.1,1949.44,103.32,11324.8
09-06-2014,657.11,59875,0.12,3,1253.5,1951.27,105.09,11324.8
10-06-2014,648.81,63316,0.12,3,1259.8,1950.79,105.02,11324.8
11-06-2014,648.55,62827,0.12,3,1260.8,1943.89,105.04,11324.8
12-06-2014,624.97,64744,0.12,3,1273.6,1930.11,107.2,11324.8
13-06-2014,574.85,64739,0.12,3,1273.7,1936.16,107.49,11324.8
16-06-2014,592.89,68262,0.1,3,1274.9,1937.78,107.52,11324.8
17-06-2014,586,70077,0.1,3,1271.7,1941.99,106.95,11324.8
18-06-2014,608,63888,0.1,3,1272.4,1956.98,106.64,11324.8
19-06-2014,608,62454,0.1,3,1313.7,1959.48,107.08,11324.8
20-06-2014,595.15,57381,0.11,3,1316.2,1962.87,107.95,11324.8
23-06-2014,598.76,60216,0.11,3,1318,1962.61,106.83,11324.8
24-06-2014,588.25,64883,0.11,3,1320.9,1949.98,106.64,11324.8
25-06-2014,574.98,64397,0.11,3,1322.2,1959.53,107.04,11324.8
26-06-2014,560.76,61432,0.09,3,1316.1,1957.22,106.49,11324.8
27-06-2014,577.34,62966,0.09,3,1319,1960.96,106.46,11324.8
30-06-2014,599.99,69403,0.1,3,1475.1,1960.23,106.07,11324.8
01-07-2014,638.99,69443,0.1,3,1480.2,1973.32,106.06,11379.9
02-07-2014,639.25,66728,0.12,3,1484.8,1974.62,105.18,11379.9
03-07-2014,650.49,62849,0.12,3,1475.6,1985.44,104.76,11379.9
07-07-2014,633.74,64686,0.1,3,1472,1977.65,104.19,11379.9
08-07-2014,624.35,70117,0.11,3,1471.4,1963.71,104.06,11379.9
09-07-2014,624.97,68518,0.11,3,1479.7,1972.83,102.93,11379.9
10-07-2014,621.95,64605,0.11,3,1494.7,1964.68,103.61,11379.9
11-07-2014,616.8,59077,0.11,3,1492.9,1967.57,101.48,11379.9
14-07-2014,630.43,62761,0.12,3,1460.7,1977.1,101.73,11379.9
15-07-2014,621.21,72316,0.12,3,1451.3,1973.28,100.56,11379.9
16-07-2014,624.07,65571,0.12,3,1454.9,1981.57,101.88,11379.9
17-07-2014,617.41,66233,0.11,3,1472.1,1958.12,103.84,11379.9
18-07-2014,625.8,64062,0.11,3,1464.7,1978.22,103.83,11379.9
21-07-2014,627,64190,0.11,3,1469.6,1973.63,105.34,11379.9
22-07-2014,622.23,66858,0.11,3,1461.6,1983.53,104.59,11379.9
23-07-2014,620,66883,0.1,3,1460.3,1987.01,103.81,11379.9
24-07-2014,620.43,66276,0.1,3,1447.3,1987.98,102.76,11379.9
25-07-2014,603.96,61498,0.1,3,1460.3,1978.34,105.23,11379.9
28-07-2014,593.68,64744,0.09,3,1462,1978.91,105.68,11379.9
29-07-2014,589.94,61607,0.1,3,1456.7,1969.95,104.91,11379.9
30-07-2014,585.5,66153,0.1,3,1456.1,1970.07,104.29,11379.9
31-07-2014,563.35,69761,0.1,3,1441.5,1930.67,98.23,11379.9
01-08-2014,582.04,67915,0.09,3,1451.1,1925.15,97.86,11411
04-08-2014,583.81,67847,0.1,3,1441.9,1938.99,98.26,11411
05-08-2014,588.5,72823,0.1,3,1439,1920.21,97.34,11411
06-08-2014,581.96,80402,0.1,3,1462.7,1920.24,96.93,11411
07-08-2014,582.73,69913,0.09,3,1467.3,1909.57,97.34,11411
08-08-2014,585.02,68262,0.09,3,1465.9,1931.59,97.61,11411
11-08-2014,590.74,75575,0.1,3,1465.5,1936.92,98.09,11411
12-08-2014,574.01,76982,0.1,3,1465.3,1933.75,97.36,11411
13-08-2014,569.01,75738,0.09,3,1467.9,1946.72,97.57,11411
14-08-2014,549.98,79082,0.09,3,1469.1,1955.18,95.54,11411
15-08-2014,504.51,73193,0.09,3,1459.4,1955.06,97.3,11411
18-08-2014,498.17,72758,0.09,3,1452.8,1971.74,96.44,11411
19-08-2014,474.95,74740,0.08,3,1449,1981.6,94.35,11411
20-08-2014,490,73842,0.08,3,1449,1986.51,96.4,11411
21-08-2014,518.82,73164,0.08,3,1429.2,1992.37,93.97,11411
22-08-2014,521.12,66998,0.08,3,1434.1,1988.4,93.61,11411
25-08-2014,508.03,69894,0.12,3,1433.1,1997.92,95.39,11411
26-08-2014,501.55,72660,0.12,3,1439.3,2000.02,95.78,11411
27-08-2014,513.92,74581,0.12,3,1436.9,2000.12,95.82,11411
28-08-2014,511.77,68628,0.08,3,1443.8,1996.74,96.44,11411
29-08-2014,506.61,68614,0.08,3,1440.6,2003.37,97.86,11411
02-09-2014,476.36,71909,0.08,3,1419,2002.28,92.92,11459
03-09-2014,473.53,71868,0.07,3,1425.5,2000.72,95.5,11459
04-09-2014,474.5,70810,0.07,3,1422.3,1997.65,94.51,11459
05-09-2014,488.87,68038,0.07,3,1423.2,2007.71,93.32,11459
08-09-2014,476.53,75766,0.07,3,1410.2,2001.54,92.64,11459
09-09-2014,467.85,81812,0.08,3,1404.6,1988.44,92.73,11459
10-09-2014,473.35,72558,0.08,3,1402,1995.69,91.71,11459
11-09-2014,477.74,66026,0.08,3,1395.4,1997.45,92.89,11459
12-09-2014,477.73,68384,0.07,3,1387.8,1985.54,92.18,11459
15-09-2014,474.35,78666,0.07,3,1391.3,1984.13,92.86,11459
16-09-2014,470.83,87234,0.07,3,1393,1998.98,94.91,11459
17-09-2014,463.4,80305,0.07,3,1392,2001.57,94.33,11459
18-09-2014,453.9,77364,0.07,3,1383.4,2011.36,93.07,11459
19-09-2014,425.56,69437,0.07,3,1373.1,2010.4,92.43,11459
22-09-2014,401.15,73289,0.06,3,1374.2,1994.29,91.46,11459
23-09-2014,399.95,77283,0.06,3,1377.2,1982.77,91.55,11459
24-09-2014,440.03,74974,0.07,3,1374.9,1998.3,93.6,11459
25-09-2014,423.68,78523,0.07,3,1376.4,1965.99,93.59,11459
26-09-2014,410.19,72555,0.07,3,1370.4,1982.85,95.55,11459
29-09-2014,375.24,77924,0.07,3,1373.7,1977.8,94.53,11459
30-09-2014,373.87,78006,0.06,3,1366.7,1972.29,91.17,11459
01-10-2014,390.18,78779,0.06,3,1370.2,1946.16,90.74,11526.8
02-10-2014,384.04,72059,0.06,3,1368.1,1946.17,91.02,11526.8
03-10-2014,375.78,75121,0.06,3,1346.9,1967.9,89.76,11526.8
06-10-2014,323.94,78049,0.05,3,1360.7,1964.82,90.33,11526.8
07-10-2014,327.61,79069,0.05,3,1363.6,1935.1,88.89,11526.8
08-10-2014,334.06,78818,0.05,3,1344.2,1968.89,87.29,11526.8
09-10-2014,357,82789,0.06,3,1358.8,1928.21,85.76,11526.8
10-10-2014,363.61,81058,0.06,3,1353.7,1906.13,85.87,11526.8
13-10-2014,380.8,77942,0.06,3,1229.3,1874.74,85.73,11526.8
14-10-2014,391.98,81364,0.06,3,1359.3,1877.7,81.72,11526.8
15-10-2014,402.5,76257,0.07,3,1361.3,1862.49,81.82,11526.8
16-10-2014,394.84,75737,0.07,3,1357.5,1862.76,82.33,11526.8
17-10-2014,383.85,70839,0.07,3,1358.5,1886.76,82.8,11526.8
20-10-2014,389.44,82700,0.06,3,1364.3,1904.01,82.76,11526.8
21-10-2014,381.46,81651,0.06,3,1371.8,1941.28,83.25,11526.8
22-10-2014,385.89,79987,0.06,3,1366.6,1927.11,80.52,11526.8
23-10-2014,384.07,80638,0.06,3,1352.1,1950.82,82.81,11526.8
24-10-2014,357.2,77906,0.06,3,1355,1964.58,81.27,11526.8
27-10-2014,355.3,83977,0.06,3,1352.4,1961.63,81.26,11526.8
28-10-2014,350.9,87980,0.06,3,1352.6,1985.05,81.36,11526.8
29-10-2014,355.79,93667,0.05,3,1349.2,1982.3,82.25,11526.8
30-10-2014,335.33,92622,0.05,3,1322.9,1994.65,81.06,11526.8
31-10-2014,345.3,85703,0.05,3,1295.9,2018.05,80.53,11526.8
03-11-2014,324.36,90351,0.05,3,1294.4,2017.81,78.77,11602.8
04-11-2014,326.49,87617,0.05,3,1290.3,2012.1,77.15,11602.8
05-11-2014,330.23,89460,0.05,3,1268.1,2023.57,78.71,11602.8
06-11-2014,338.63,93387,0.05,3,1264.4,2031.21,77.87,11602.8
07-11-2014,349.96,84866,0.05,3,1291,2031.92,78.71,11602.8
10-11-2014,365.94,88994,0.06,3,1281.3,2038.26,77.43,11602.8
11-11-2014,365.8,85618,0.06,3,1285.1,2039.68,77.85,11602.8
12-11-2014,369.41,95579,0.06,3,1280.4,2038.25,77.16,11602.8
13-11-2014,420.19,92958,0.06,3,1281.4,2039.33,74.13,11602.8
14-11-2014,419.99,86307,0.06,3,1305.6,2039.82,75.91,11602.8
17-11-2014,389.87,88354,0.07,3,1303.7,2041.32,75.64,11602.8
18-11-2014,388.87,87524,0.07,3,1315.5,2051.8,74.55,11602.8
19-11-2014,374.92,85271,0.06,3,1313.4,2048.72,74.55,11602.8
20-11-2014,379.05,89388,0.06,3,1308.9,2052.75,75.63,11602.8
21-11-2014,356.47,82179,0.06,3,1315.9,2063.5,76.52,11602.8
24-11-2014,367.12,85807,0.05,3,1314.2,2069.41,75.74,11602.8
25-11-2014,374.58,86134,0.05,3,1315.2,2067.03,74.04,11602.8
26-11-2014,376.16,85111,0.05,3,1314.5,2072.83,73.7,11602.8
28-11-2014,369.97,85912,0.05,3,1291.2,2067.56,65.94,11602.8
01-12-2014,376.03,97623,0.05,3,1332.5,2053.44,68.98,11747.9
02-12-2014,377.42,99419,0.05,3,1314.7,2066.55,66.99,11747.9
03-12-2014,379.62,99348,0.05,3,1325.8,2074.33,67.3,11747.9
04-12-2014,376.03,98348,0.05,3,1324.2,2071.92,66.73,11747.9
05-12-2014,368.73,90900,0.05,3,1310.8,2075.37,65.89,11747.9
08-12-2014,376.01,90746,0.07,3,1314.4,2060.31,63.13,11747.9
09-12-2014,362.99,90220,0.07,3,1350.2,2059.82,63.74,11747.9
10-12-2014,351.82,88798,0.05,3,1345.5,2026.14,60.99,11747.9
11-12-2014,348.79,84005,0.05,3,1342.3,2035.33,60.01,11747.9
12-12-2014,348.97,81297,0.05,3,1333.5,2002.33,57.81,11747.9
15-12-2014,357.8,94459,0.05,3,1317.7,1989.63,55.96,11747.9
16-12-2014,347.96,101064,0.05,3,1302,1972.74,55.97,11747.9
17-12-2014,329.84,98444,0.05,3,1302.3,2012.89,56.43,11747.9
18-12-2014,321.34,95207,0.05,3,1303.9,2061.23,54.18,11747.9
19-12-2014,312.26,95405,0.04,3,1305.6,2070.65,56.91,11747.9
22-12-2014,320,96511,0.05,3,1289.7,2078.54,55.25,11747.9
23-12-2014,331.98,99469,0.05,3,1289.7,2082.17,56.78,11747.9
24-12-2014,336.95,82347,0.05,3,1285.6,2081.88,55.7,11747.9
26-12-2014,319.81,76198,0.08,3,1307.7,2088.77,54.59,11747.9
29-12-2014,317.41,83447,0.06,3,1292.9,2090.57,53.46,11747.9
30-12-2014,313.4,85049,0.06,3,1311.9,2080.35,54.14,11747.9
31-12-2014,311,77411,0.04,3,1295.4,2058.9,53.45,11747.9
02-01-2015,314.81,79287,0.04,3,1297.7,2058.2,52.72,11746.9
05-01-2015,263.17,95585,0.07,3,1313.5,2020.58,50.05,11746.9
06-01-2015,274.28,87821,0.04,3,1322.2,2002.61,47.98,11746.9
07-01-2015,287.32,89916,0.04,3,1313.6,2025.9,48.69,11746.9
08-01-2015,297.99,107132,0.04,3,1311.6,2062.14,48.8,11746.9
09-01-2015,284.49,102275,0.04,3,1317.4,2044.81,48.35,11746.9
12-01-2015,269.68,98969,0.04,3,1333.2,2028.26,46.06,11746.9
13-01-2015,267.02,102309,0.04,3,1334.5,2023.03,45.92,11746.9
14-01-2015,222,104765,0.04,3,1324.5,2011.27,48.49,11746.9
15-01-2015,172,120390,0.03,3,1352.8,1992.67,46.37,11746.9
16-01-2015,210.21,104699,0.03,3,1364.9,2019.42,48.49,11746.9
20-01-2015,216.01,98925,0.03,3,1377.4,2022.55,46.79,11746.9
21-01-2015,210.71,96959,0.03,3,1378.4,2032.12,47.85,11746.9
22-01-2015,224.59,93698,0.03,3,1390.2,2063.15,45.93,11746.9
23-01-2015,233.51,92011,0.03,3,1382.6,2051.82,45.26,11746.9
26-01-2015,254.32,108181,0.04,3,1370.6,2057.09,44.8,11746.9
27-01-2015,274.43,99393,0.04,3,1379.7,2029.55,45.84,11746.9
28-01-2015,263.52,85232,0.04,3,1367.2,2002.16,44.08,11746.9
29-01-2015,236.2,90879,0.04,3,1328.8,2021.25,44.12,11746.9
30-01-2015,235.99,81199,0.03,3,1349.6,1994.99,47.79,11746.9
02-02-2015,226.98,85987,0.03,3,1347.4,2020.85,49.25,11835.1
03-02-2015,237.97,91793,0.03,3,1332.3,2050.03,53.04,11835.1
04-02-2015,227.53,90814,0.03,3,1263.8,2041.51,48.45,11835.1
05-02-2015,226.71,86567,0.03,3,1336.9,2062.52,50.48,11835.1
06-02-2015,216.98,85705,0.03,3,1314.6,2055.47,51.66,11835.1
09-02-2015,223.93,104758,0.03,3,1321.9,2046.74,52.99,11835.1
10-02-2015,219.93,102975,0.03,3,1313.2,2068.59,50.06,11835.1
11-02-2015,220.36,97048,0.03,3,1301.2,2068.53,48.8,11835.1
12-02-2015,219.6,87427,0.03,3,1300.7,2088.48,51.17,11835.1
13-02-2015,222.33,113660,0.03,3,1307.2,2096.99,52.66,11835.1
17-02-2015,234.5,102988,0.03,3,1291.9,2100.34,53.56,11835.1
18-02-2015,245.29,105719,0.03,3,1283.5,2099.68,52.13,11835.1
19-02-2015,237.44,94552,0.03,3,1288.9,2097.45,51.12,11835.1
20-02-2015,241.39,98714,0.04,3,1285.2,2110.3,49.95,11835.1
23-02-2015,235.98,101515,0.03,3,1280.7,2109.66,49.56,11835.1
24-02-2015,238.9,105125,0.03,3,1275.1,2115.48,48.48,11835.1
25-02-2015,239.94,105394,0.03,3,1278,2113.86,50.25,11835.1
26-02-2015,237.97,100817,0.03,3,1288.1,2110.74,47.65,11835.1
27-02-2015,236.59,101474,0.03,3,1291.4,2104.5,49.84,11835.1
02-03-2015,257.05,104937,0.04,3,1287.8,2117.39,49.59,11944.9
03-03-2015,275.87,110981,0.04,3,1286.2,2107.78,50.43,11944.9
04-03-2015,279.47,98529,0.04,3,1282.6,2098.53,51.53,11944.9
05-03-2015,270.06,101115,0.04,3,1278.1,2101.04,50.76,11944.9
06-03-2015,273.11,93869,0.04,3,1247.6,2071.26,49.61,11944.9
09-03-2015,275,105536,0.04,3,1250,2079.43,49.95,11944.9
10-03-2015,287.01,105541,0.05,3,1240.1,2044.16,48.42,11944.9
11-03-2015,290,100765,0.05,3,1230.4,2040.24,48.06,11944.9
12-03-2015,296.56,97095,0.05,3,1231,2065.95,47.12,11944.9
13-03-2015,294.9,96036,0.04,3,1230.9,2053.4,44.88,11944.9
16-03-2015,286.79,105218,0.04,3,1231.3,2081.19,43.93,11944.9
17-03-2015,289.28,99561,0.04,3,1226.5,2074.28,43.39,11944.9
18-03-2015,284.48,99607,0.04,3,1229.5,2099.5,44.63,11944.9
19-03-2015,256.99,106297,0.04,3,1241.5,2089.27,44.02,11944.9
20-03-2015,261.39,103532,0.04,3,1256.7,2108.1,46,11944.9
23-03-2015,267.75,106019,0.04,3,1259.5,2104.42,47.4,11944.9
24-03-2015,265.99,92927,0.04,3,1263.2,2091.5,47.03,11944.9
25-03-2015,245,97138,0.04,3,1269.3,2061.05,48.75,11944.9
26-03-2015,247.08,101181,0.04,3,1279,2056.15,51.41,11944.9
27-03-2015,249.23,99491,0.04,3,1273.9,2061.02,48.83,11944.9
30-03-2015,242.34,106355,0.04,3,1258.4,2086.24,48.66,11944.9
31-03-2015,248,115111,0.04,3,1254.2,2067.89,47.72,11944.9
01-04-2015,243.63,119343,0.03,2,1276.2,2059.69,50.12,11992.7
02-04-2015,246.49,112070,0.03,2,1270.2,2066.96,49.13,11992.7
06-04-2015,260.52,107449,0.04,2,1287.4,2080.62,52.08,11992.7
07-04-2015,255.18,108714,0.04,2,1280.4,2076.33,53.95,11992.7
08-04-2015,253.9,110751,0.04,2,1273.1,2081.9,50.44,11992.7
09-04-2015,245,116620,0.04,2,1263.6,2091.18,50.79,11992.7
10-04-2015,243,112826,0.06,2,1275.3,2102.06,51.63,11992.7
13-04-2015,236.5,115407,0.04,2,1269.8,2092.43,51.95,11992.7
14-04-2015,223.01,110150,0.04,2,1260.1,2095.84,53.3,11992.7
15-04-2015,216.23,107606,0.04,2,1268.5,2106.63,56.25,11992.7
16-04-2015,222.55,99046,0.03,2,1265,2104.99,56.69,11992.7
17-04-2015,227.5,102755,0.03,2,1270.1,2081.18,55.71,11992.7
20-04-2015,222.61,116746,0.03,2,1261.3,2100.4,56.37,11992.7
21-04-2015,224.29,112502,0.03,2,1271.1,2097.29,55.58,11992.7
22-04-2015,235.85,111878,0.03,2,1256.7,2107.96,56.17,11992.7
23-04-2015,233.59,109838,0.03,2,1264,2112.93,56.59,11992.7
24-04-2015,235.98,108776,0.03,2,1242.4,2117.69,55.98,11992.7
27-04-2015,219.52,113775,0.21,2,1271.2,2108.92,55.56,11992.7
28-04-2015,227.01,113193,0.03,2,1283.4,2114.76,57.05,11992.7
29-04-2015,225.2,117260,0.03,2,1282,2106.85,58.55,11992.7
30-04-2015,225.62,112958,0.03,2,1255,2085.51,59.62,11992.7
01-05-2015,235.97,99560,0.03,2,1248.1,2108.29,59.1,11896.1
04-05-2015,239.47,104000,0.03,2,1261,2114.49,58.92,11896.1
05-05-2015,238.25,115348,0.03,2,1270.2,2089.46,60.38,11896.1
06-05-2015,235.87,111733,0.03,2,1268.7,2080.15,60.93,11896.1
07-05-2015,228.99,111125,0.03,2,1260.5,2088,58.99,11896.1
08-05-2015,237.16,109145,0.03,2,1264.5,2116.1,59.41,11896.1
11-05-2015,239.11,111374,0.04,2,1259.3,2105.33,59.23,11896.1
12-05-2015,240.95,110101,0.04,2,1269,2099.12,60.72,11896.1
13-05-2015,241.1,108858,0.03,2,1294.2,2098.48,60.5,11896.1
14-05-2015,235.97,101584,0.03,2,1301,2121.1,59.89,11896.1
15-05-2015,237.1,105160,0.03,2,1300.9,2122.73,59.73,11896.1
18-05-2015,235.83,98578,0.03,2,1303.2,2129.2,59.44,11896.1
19-05-2015,232.81,107346,0.03,2,1283.4,2127.83,57.3,11896.1
20-05-2015,231.4,106888,0.03,2,1285.5,2125.85,58.96,11896.1
21-05-2015,234.11,98302,0.03,2,1280.1,2130.82,60.18,11896.1
22-05-2015,235,102770,0.03,2,1281.7,2126.06,58.88,11896.1
26-05-2015,235.59,108384,0.04,2,1264.2,2104.2,57.29,11896.1
27-05-2015,235.68,108089,0.04,2,1262.6,2123.48,57.51,11896.1
28-05-2015,235.31,110980,0.03,2,1264.5,2120.79,57.69,11896.1
29-05-2015,236.44,124052,0.03,2,1264.7,2107.39,60.25,11896.1
01-06-2015,228.34,128696,0.09,2,1264.4,2111.73,60.24,11950.7
02-06-2015,223.52,128207,0.09,2,1271.8,2109.6,61.3,11950.7
03-06-2015,225.19,127600,0.03,2,1263.9,2114.07,59.67,11950.7
04-06-2015,225.4,118346,0.03,2,1254.1,2095.84,58,11950.7
05-06-2015,222.88,110201,0.03,2,1250.6,2092.83,59.11,11950.7
08-06-2015,222.28,108173,0.03,2,1256,2079.28,58.15,11950.7
09-06-2015,227.66,121638,0.03,2,1260.8,2080.15,60.15,11950.7
10-06-2015,228.88,131279,0.03,2,1272.6,2105.2,61.36,11950.7
11-06-2015,227.8,120624,0.03,2,1266.6,2108.86,60.74,11950.7
12-06-2015,229.03,126945,0.03,2,1265,2094.11,59.96,11950.7
15-06-2015,232.07,129389,0.04,2,1269.8,2084.43,59.53,11950.7
16-06-2015,236,121541,0.04,2,1263.4,2096.29,60.01,11950.7
17-06-2015,249.98,133122,0.04,2,1260.9,2100.44,59.89,11950.7
18-06-2015,247.45,124929,0.05,2,1284.8,2121.24,60.41,11950.7
19-06-2015,248.26,125222,0.05,2,1283.4,2109.99,59.62,11950.7
22-06-2015,243.55,119345,0.04,2,1266.1,2122.85,60.01,11950.7
23-06-2015,246.77,125560,0.04,2,1258.8,2124.2,61.05,11950.7
24-06-2015,243.86,113093,0.04,2,1255,2108.58,60.01,11950.7
25-06-2015,240.2,111468,0.04,2,1254.3,2102.31,59.59,11950.7
26-06-2015,242.08,116432,0.04,2,1257.1,2101.49,59.41,11950.7
29-06-2015,248.57,124180,0.04,2,1262,2057.64,58.34,11950.7
30-06-2015,256.05,155869,0.05,2,1254.8,2063.11,59.48,11950.7
01-07-2015,262.43,144112,0.05,3,1252.5,2077.42,56.94,12001.3
02-07-2015,257.78,142153,0.05,3,1245.5,2076.78,56.93,12001.3
06-07-2015,271.34,174070,0.05,3,1254.6,2068.76,52.48,12001.3
07-07-2015,268.53,190747,0.05,3,1233.5,2081.34,52.33,12001.3
08-07-2015,265.83,201747,0.05,3,1242.6,2046.68,51.61,12001.3
09-07-2015,270.31,191163,0.06,3,1239.1,2051.31,52.76,12001.3
10-07-2015,269,193020,0.06,3,1240.6,2076.62,52.74,12001.3
13-07-2015,310.55,159695,0.05,3,1155.2,2099.6,52.19,12001.3
14-07-2015,291.94,122618,0.05,3,1236.4,2108.95,53.05,12001.3
15-07-2015,287.92,115570,0.06,3,1230.3,2107.4,51.4,12001.3
16-07-2015,285.66,114387,0.06,3,1227.2,2124.29,50.9,12001.3
17-07-2015,277.78,116906,0.06,3,1214.7,2126.64,50.88,12001.3
20-07-2015,275.47,125258,0.1,3,1189.5,2128.28,50.11,12001.3
21-07-2015,279.01,133785,0.05,3,1183.5,2119.21,50.59,12001.3
22-07-2015,276.76,131259,0.05,3,1171.6,2114.15,49.27,12001.3
23-07-2015,277.97,109620,0.05,3,1174.1,2102.15,48.11,12001.3
24-07-2015,276.59,109918,0.06,3,1164,2079.65,47.98,12001.3
27-07-2015,292.82,115226,0.08,3,1174.6,2067.64,47.17,12001.3
28-07-2015,293.93,118350,0.08,3,1174.6,2093.25,47.97,12001.3
29-07-2015,293.92,143200,0.08,3,1171.5,2108.57,48.77,12001.3
30-07-2015,290.2,123577,0.08,3,1167.4,2108.63,48.53,12001.3
31-07-2015,288.45,147503,0.08,3,1167.1,2103.84,47.11,12001.3
03-08-2015,282.26,119844,0.06,3,1160.8,2098.04,45.25,12058.7
04-08-2015,281.12,132547,0.06,3,1162.7,2093.32,45.75,12058.7
05-08-2015,285,133758,0.07,3,1161.1,2099.84,45.13,12058.7
06-08-2015,281,134838,0.07,3,1165.6,2083.56,44.69,12058.7
07-08-2015,277.08,111345,0.07,3,1169.8,2077.57,43.87,12058.7
10-08-2015,265.05,116841,0.06,3,1179.8,2104.18,44.94,12058.7
11-08-2015,264.47,114741,0.06,3,1181.7,2084.07,43.11,12058.7
12-08-2015,270.98,117898,0.06,3,1197,2086.05,43.22,12058.7
13-08-2015,267.53,117507,0.06,3,1189.1,2083.39,42.27,12058.7
14-08-2015,264.48,111255,0.06,3,1186.3,2091.54,42.45,12058.7
17-08-2015,256.11,115049,0.05,3,1191.9,2102.44,41.93,12058.7
18-08-2015,256.66,119798,0.05,3,1190.3,2096.92,42.58,12058.7
19-08-2015,222.11,120151,0.05,3,1201.1,2079.61,40.75,12058.7
20-08-2015,226.25,118230,0.05,3,1226.2,2035.73,41,12058.7
21-08-2015,235.31,113792,0.05,3,1230.8,1970.89,40.45,12058.7
24-08-2015,228.14,125368,0.05,3,1222.9,1893.21,38.22,12058.7
25-08-2015,210.96,121973,0.05,3,1207.7,1867.61,39.15,12058.7
26-08-2015,222.13,122852,0.05,3,1193,1940.51,38.5,12058.7
27-08-2015,225.04,119917,0.05,3,1191.2,1987.66,42.47,12058.7
28-08-2015,225.11,120547,0.05,3,1202.4,1988.87,45.29,12058.7
31-08-2015,228.39,127260,0.05,3,1200.9,1972.18,49.2,12058.7
01-09-2015,230.25,130410,0.04,2,1205.3,1913.85,45.38,12126.3
02-09-2015,227.97,150066,0.04,2,1198.4,1948.86,46.3,12126.3
03-09-2015,229.26,128682,0.04,2,1187.5,1951.13,46.75,12126.3
04-09-2015,227.24,103973,0.05,2,1184.5,1921.22,46.02,12126.3
08-09-2015,240.47,125379,0.06,2,1183.9,1969.41,45.92,12126.3
09-09-2015,244.21,126457,0.06,2,1164.7,1942.04,44.13,12126.3
10-09-2015,238.3,124951,0.05,2,1171.9,1952.29,45.85,12126.3
11-09-2015,238.81,180002,0.05,2,1165.9,1961.05,44.75,12126.3
14-09-2015,230,166715,0.04,2,1169.7,1953.03,44.07,12126.3
15-09-2015,229.71,162999,0.04,2,1164.5,1978.09,44.58,12126.3
16-09-2015,229.54,167269,0.04,2,1180.3,1995.31,47.12,12126.3
17-09-2015,228.33,259279,0.04,2,1178.9,1990.2,46.93,12126.3
18-09-2015,232.17,161504,0.04,2,1198.2,1958.03,44.71,12126.3
21-09-2015,230.16,131679,0.04,2,1193.5,1966.97,46.67,12126.3
22-09-2015,226.27,136784,0.05,2,1183.7,1942.74,46.17,12126.3
23-09-2015,230.42,131400,0.05,2,1190.4,1938.76,44.53,12126.3
24-09-2015,229.42,125367,0.05,2,1211,1932.24,44.94,12126.3
25-09-2015,234,128166,0.05,2,1202.9,1931.34,45.55,12126.3
28-09-2015,232.41,138570,0.05,2,1188.5,1881.77,44.4,12126.3
29-09-2015,239.14,140664,0.05,2,1183.2,1884.09,45.24,12126.3
30-09-2015,236.94,139848,0.05,2,1167.7,1920.03,45.06,12126.3
01-10-2015,236.17,134327,0.05,2,1166.2,1923.82,44.75,12159.8
02-10-2015,238.03,139746,0.05,2,1188.3,1951.36,45.54,12159.8
05-10-2015,238.4,125548,0.04,2,1187.6,1987.05,46.28,12159.8
06-10-2015,240.6,144510,0.04,2,1195.4,1979.92,48.53,12159.8
07-10-2015,246.8,134931,0.05,2,1198.1,1995.83,47.86,12159.8
08-10-2015,243.01,140348,0.05,2,1194,2013.43,49.46,12159.8
09-10-2015,243.01,114644,0.05,2,1206.5,2014.89,49.67,12159.8
12-10-2015,248.04,134410,0.05,2,1215.2,2017.46,47.09,12159.8
13-10-2015,245.5,134878,0.05,2,1215.8,2003.69,46.7,12159.8
14-10-2015,249.98,141985,0.05,2,1227.7,1994.24,46.63,12159.8
15-10-2015,252.47,153495,0.05,2,1235.5,2023.86,46.38,12159.8
16-10-2015,254.5,143286,0.05,2,1230.7,2033.11,47.3,12159.8
19-10-2015,261.04,143969,0.05,2,1220.4,2033.66,45.91,12159.8
20-10-2015,263.59,146349,0.05,2,1225,2030.77,45.84,12159.8
21-10-2015,270.75,150199,0.05,2,1213.8,2018.94,45.22,12159.8
22-10-2015,267.97,147402,0.05,2,1212.3,2052.51,44.9,12159.8
23-10-2015,274.35,143468,0.05,2,1208.3,2075.15,43.91,12159.8
26-10-2015,282.8,116400,0.05,2,1209.9,2071.18,43.19,12159.8
27-10-2015,286.69,153740,0.06,2,1207.8,2065.89,43.21,12159.8
28-10-2015,295.35,160175,0.06,2,1218.9,2090.35,45.93,12159.8
29-10-2015,304.79,161062,0.06,2,1191.4,2089.41,46.02,12159.8
30-10-2015,314.81,166695,0.06,2,1184.8,2079.36,46.6,12159.8
02-11-2015,325.79,172108,0.08,3,1180,2104.05,46.12,12286.2
03-11-2015,361.54,186362,0.08,3,1158.2,2109.79,47.88,12286.2
04-11-2015,404.5,204198,0.08,3,1150.8,2102.31,46.32,12286.2
05-11-2015,408,182809,0.07,3,1149.7,2099.93,45.27,12286.2
06-11-2015,386.04,166893,0.07,3,1137.5,2099.2,44.32,12286.2
09-11-2015,371.08,159836,0.07,3,1138.8,2078.58,43.87,12286.2
10-11-2015,380.62,161962,0.07,3,1139,2081.72,44.23,12286.2
11-11-2015,336.29,158929,0.05,3,1135,2075,42.95,12286.2
12-11-2015,308.98,157847,0.05,3,1130.9,2045.97,41.74,12286.2
13-11-2015,340.81,154827,0.05,3,1130.9,2023.04,40.69,12286.2
16-11-2015,318.97,158316,0.05,3,1132.1,2053.19,41.68,12286.2
17-11-2015,330.72,156688,0.06,3,1116.5,2050.44,40.73,12286.2
18-11-2015,336.01,165269,0.06,3,1116.5,2083.58,40.75,12286.2
19-11-2015,333.66,154483,0.06,3,1125.2,2081.24,40.55,12286.2
20-11-2015,325.9,155774,0.05,3,1123.4,2089.17,39.39,12286.2
23-11-2015,323.78,145272,0.05,3,1114.3,2086.59,39.27,12286.2
24-11-2015,323.48,152324,0.05,3,1121.2,2089.14,40.89,12286.2
25-11-2015,319.64,151861,0.05,3,1118,2088.87,41.22,12286.2
27-11-2015,356.33,160235,0.06,3,1104.1,2090.11,40.57,12286.2
30-11-2015,371,182648,0.07,3,1113.5,2080.41,40.43,12286.2
01-12-2015,377.27,178112,0.07,3,1111.6,2102.63,40.58,12416.1
02-12-2015,362.58,183523,0.07,3,1102,2079.51,39.93,12416.1
03-12-2015,359.08,164774,0.07,3,1110.2,2049.62,41.08,12416.1
04-12-2015,361.47,173586,0.07,3,1132.8,2091.69,40,12416.1
07-12-2015,387.3,192830,0.07,3,1123.9,2077.07,37.64,12416.1
08-12-2015,394.87,195221,0.07,3,1123.6,2063.59,37.46,12416.1
09-12-2015,413.6,220323,0.07,3,1124.5,2047.62,37.16,12416.1
10-12-2015,416.49,212036,0.07,3,1119.9,2052.23,36.76,12416.1
11-12-2015,415.15,210259,0.08,3,1123.4,2012.37,35.65,12416.1
14-12-2015,433.39,231477,0.08,3,1111,2021.94,36.31,12416.1
15-12-2015,443.78,223998,0.08,3,1109.4,2043.41,37.32,12416.1
16-12-2015,463.98,220420,0.08,3,1124.9,2073.07,35.55,12416.1
17-12-2015,455.47,216297,0.08,3,1097.7,2041.89,34.98,12416.1
18-12-2015,456.58,213847,0.08,3,1112.9,2005.55,34.72,12416.1
21-12-2015,442.54,229444,0.08,3,1130.1,2021.15,34.55,12416.1
22-12-2015,438.35,222717,0.08,3,1123.6,2038.97,36.12,12416.1
23-12-2015,435.28,221075,0.08,3,1117.8,2064.29,36.76,12416.1
24-12-2015,442.54,210228,0.08,3,1125.5,2060.99,37.62,12416.1
28-12-2015,422.42,173129,0.07,3,1117.7,2056.5,36.36,12416.1
29-12-2015,420.97,184618,0.08,3,1118.2,2078.36,37.88,12416.1
30-12-2015,433.23,176447,0.08,3,1110.4,2063.36,36.59,12416.1
31-12-2015,428.23,155362,0.08,3,1110.6,2043.94,37.13,12416.1
04-01-2016,430.78,181354,0.08,3,1125.3,2012.66,36.81,12467.2
05-01-2016,434.17,182371,0.08,3,1128.2,2016.71,35.97,12467.2
06-01-2016,432.43,172090,0.08,3,1141.7,1990.26,33.97,12467.2
07-01-2016,429.26,190234,0.08,3,1152.5,1943.09,33.29,12467.2
08-01-2016,458.66,181407,0.08,3,1141.8,1922.03,33.2,12467.2
11-01-2016,448.43,191196,0.08,3,1138.6,1923.67,31.42,12467.2
12-01-2016,447.98,194874,0.08,3,1127.2,1938.68,30.42,12467.2
13-01-2016,437,188131,0.07,3,1127.5,1890.28,30.42,12467.2
14-01-2016,432.63,183182,0.07,3,1113.1,1921.84,31.22,12467.2
15-01-2016,429.55,183642,0.07,3,1127.6,1880.33,29.45,12467.2
19-01-2016,385.49,186858,0.09,3,1125.9,1881.33,28.47,12467.2
20-01-2016,377.41,209071,0.09,3,1141.8,1859.33,26.68,12467.2
21-01-2016,420.35,222743,0.09,3,1133.7,1868.99,29.55,12467.2
22-01-2016,409.62,213683,0.08,3,1132.7,1906.9,32.07,12467.2
25-01-2016,403.19,222150,0.08,3,1142.5,1877.08,30.31,12467.2
26-01-2016,390.92,230523,0.08,3,1157.4,1903.63,29.54,12467.2
27-01-2016,391.66,229677,0.08,3,1154,1882.95,32.32,12467.2
28-01-2016,394.36,225025,0.08,3,1153.8,1893.36,33.21,12467.2
29-01-2016,379.82,224394,0.08,3,1152,1940.24,33.66,12467.2
01-02-2016,367.86,222398,0.09,3,1163.6,1939.38,31.62,12506.1
02-02-2016,371.99,241722,0.09,3,1161.6,1903.03,29.9,12506.1
03-02-2016,373.05,191224,0.07,3,1174.8,1912.53,32.29,12506.1
04-02-2016,368.46,200661,0.07,3,1189.2,1915.45,31.63,12506.1
05-02-2016,388,225488,0.07,3,1189.5,1880.05,30.86,12506.1
08-02-2016,375,224755,0.07,3,1229.7,1853.44,29.71,12506.1
09-02-2016,371.55,231240,0.07,3,1228.4,1852.21,27.96,12506.1
10-02-2016,373.46,235527,0.07,3,1224.1,1851.86,27.54,12506.1
11-02-2016,379.14,220934,0.07,3,1273.6,1829.08,26.19,12506.1
12-02-2016,378.02,202527,0.07,3,1262.7,1864.78,29.32,12506.1
16-02-2016,399.21,215940,0.08,3,1232.6,1895.58,29.05,12506.1
17-02-2016,407,227235,0.08,3,1238.7,1926.82,30.68,12506.1
18-02-2016,414.87,212979,0.09,3,1254,1917.83,30.77,12506.1
19-02-2016,420.53,217436,0.09,3,1258.9,1917.78,29.59,12506.1
22-02-2016,438,237696,0.08,3,1238.2,1945.5,31.37,12506.1
23-02-2016,436.76,244748,0.08,3,1252.9,1921.27,31.84,12506.1
24-02-2016,419.25,224927,0.09,3,1268.6,1929.8,30.35,12506.1
25-02-2016,423.79,216290,0.09,3,1268.5,1951.7,31.4,12506.1
26-02-2016,423.46,203635,0.09,3,1250.3,1948.05,31.65,12506.1
29-02-2016,431.89,265320,0.08,3,1264.8,1932.23,32.74,12506.1
01-03-2016,436.75,277094,0.15,3,1262.7,1978.35,34.39,12673.9
02-03-2016,433.66,270206,0.15,3,1274.5,1986.45,34.57,12673.9
03-03-2016,422.5,221652,0.15,3,1292.2,1993.4,34.56,12673.9
04-03-2016,420.06,207485,0.11,3,1307.1,1999.99,35.91,12673.9
07-03-2016,405.69,183255,0.09,3,1301.8,2001.76,37.9,12673.9
08-03-2016,412.37,200298,0.09,3,1300.5,1979.26,36.67,12673.9
09-03-2016,412.15,190388,0.09,3,1294.9,1989.26,37.62,12673.9
10-03-2016,412.84,188726,0.09,3,1311.6,1989.57,37.77,12673.9
11-03-2016,416,189816,0.09,3,1300.1,2022.19,38.51,12673.9
14-03-2016,412.85,191341,0.09,3,1285.9,2019.64,37.2,12673.9
15-03-2016,414.99,202426,0.09,3,1271.7,2015.93,36.32,12673.9
16-03-2016,415.7,211992,0.09,3,1272.4,2027.22,38.43,12673.9
17-03-2016,416.64,208319,0.09,3,1305.6,2040.59,40.17,12673.9
18-03-2016,418.49,206022,0.09,3,1293.5,2049.58,39.47,12673.9
21-03-2016,411.81,199006,0.08,3,1284.2,2051.6,39.91,12673.9
22-03-2016,411.95,205208,0.09,3,1290.3,2049.8,41.45,12673.9
23-03-2016,416.39,186808,0.09,3,1265.5,2036.71,38.28,12673.9
24-03-2016,417.96,190094,0.09,3,1263.9,2035.94,38.14,12673.9
28-03-2016,425,196080,0.09,3,1262.2,2037.05,37.99,12673.9
29-03-2016,422.86,197409,0.12,3,1277.8,2055.01,36.91,12673.9
30-03-2016,415.83,201028,0.12,3,1268.4,2063.95,36.91,12673.9
31-03-2016,413.74,206476,0.12,3,1272.4,2059.74,36.94,12673.9
01-04-2016,414.83,211922,0.1,3,1260.4,2072.78,35.36,12767.5
04-04-2016,418.51,208929,0.09,3,1256.2,2066.13,34.3,12767.5
05-04-2016,419.71,216176,0.09,3,1266,2045.17,34.52,12767.5
06-04-2016,421.66,219290,0.09,3,1260.3,2066.66,37.74,12767.5
07-04-2016,421.6,218463,0.09,3,1273.8,2041.91,37.3,12767.5
08-04-2016,419.95,214191,0.09,3,1278.8,2047.6,39.74,12767.5
11-04-2016,420.75,230040,0.07,3,1293.9,2041.99,40.46,12767.5
12-04-2016,422.63,240206,0.07,3,1297.9,2061.72,42.12,12767.5
13-04-2016,425.69,223506,0.09,3,1285.4,2082.42,41.7,12767.5
14-04-2016,423.87,227928,0.09,3,1263.6,2082.78,41.45,12767.5
15-04-2016,424.38,212178,0.09,3,1271.2,2080.73,40.4,12767.5
18-04-2016,427.31,220395,0.08,3,1271.8,2094.34,39.74,12767.5
19-04-2016,427.42,226511,0.08,3,1292.3,2100.8,40.88,12767.5
20-04-2016,435.95,216780,0.08,3,1293.8,2102.4,42.72,12767.5
21-04-2016,441.82,212795,0.08,3,1291,2091.48,43.18,12767.5
22-04-2016,451,210976,0.09,3,1270.3,2091.58,42.76,12767.5
25-04-2016,460.03,217564,0.09,3,1280.6,2087.79,41.67,12767.5
26-04-2016,462.5,250744,0.09,3,1283.9,2091.7,42.52,12767.5
27-04-2016,467.55,239435,0.09,3,1291.3,2095.15,45.29,12767.5
28-04-2016,445.29,247957,0.09,3,1308.1,2075.81,46.03,12767.5
29-04-2016,449.98,261884,0.09,3,1332.7,2065.3,45.98,12767.5
02-05-2016,453,223785,0.08,4,1338.6,2081.43,44.75,12697.4
03-05-2016,443.84,235609,0.08,4,1334.1,2063.37,43.65,12697.4
04-05-2016,450.61,233691,0.09,4,1315.6,2051.12,43.77,12697.4
05-05-2016,446.84,229573,0.09,4,1311.1,2050.63,44.33,12697.4
06-05-2016,449.37,233232,0.09,4,1333.4,2057.14,44.58,12697.4
09-05-2016,458.31,226449,0.09,4,1306.2,2058.69,43.45,12697.4
10-05-2016,460.66,245721,0.09,4,1304.6,2084.39,44.68,12697.4
11-05-2016,450.78,234412,0.09,4,1315.9,2064.46,46.21,12697.4
12-05-2016,452.84,228409,0.09,4,1311,2064.11,46.64,12697.4
13-05-2016,454.26,232146,0.09,4,1312.8,2046.61,46.22,12697.4
16-05-2016,457.34,239809,0.12,4,1315.1,2066.66,47.72,12697.4
17-05-2016,454,238626,0.12,4,1318.2,2047.21,48.29,12697.4
18-05-2016,453.08,235083,0.12,4,1317.6,2047.63,48.12,12697.4
19-05-2016,452.99,219145,0.11,4,1299.2,2040.04,48.16,12697.4
20-05-2016,436.05,209396,0.11,4,1299.2,2052.32,47.67,12697.4
23-05-2016,438.47,222754,0.1,4,1298.2,2048.04,48.12,12697.4
24-05-2016,442.99,246517,0.1,4,1276,2076.06,48.04,12697.4
25-05-2016,444.1,247841,0.11,4,1270.7,2090.54,49.1,12697.4
26-05-2016,448.7,220091,0.11,4,1266.9,2090.1,49,12697.4
27-05-2016,452.05,215296,0.11,4,1260.9,2099.06,49.36,12697.4
31-05-2016,526.42,215249,0.13,4,1262.6,2096.95,49.1,12697.4
01-06-2016,531.97,234384,0.13,5,1260.5,2099.33,49.07,12777.9
02-06-2016,538.37,231099,0.13,5,1258.2,2105.26,49.14,12777.9
03-06-2016,538,234669,0.13,5,1287.9,2099.13,48.69,12777.9
06-06-2016,573.91,221171,0.14,5,1292.7,2109.41,49.71,12777.9
07-06-2016,583.72,231016,0.14,5,1292.1,2112.13,50.37,12777.9
08-06-2016,578.07,229933,0.14,5,1307.3,2119.12,51.23,12777.9
09-06-2016,583.1,236353,0.13,5,1317.7,2115.48,50.52,12777.9
10-06-2016,574.32,228367,0.13,5,1321,2096.07,49.09,12777.9
13-06-2016,665.85,251354,0.16,5,1331.6,2079.06,48.89,12777.9
14-06-2016,704.5,246829,0.16,5,1329.1,2075.32,48.49,12777.9
15-06-2016,685.19,259202,0.22,5,1329.2,2071.5,47.92,12777.9
16-06-2016,693.88,267870,0.22,5,1339.8,2077.99,46.14,12777.9
17-06-2016,765,253752,0.22,5,1337.1,2071.22,48,12777.9
20-06-2016,759.35,249334,0.23,5,1337.7,2083.25,49.4,12777.9
21-06-2016,724.04,248164,0.21,5,1318.1,2088.9,48.95,12777.9
22-06-2016,664.46,235641,0.21,5,1315.6,2085.45,49.16,12777.9
23-06-2016,592.81,241300,0.21,5,1311.2,2113.32,49.34,12777.9
24-06-2016,622.08,237625,0.2,5,1370.3,2037.41,46.7,12777.9
27-06-2016,630.19,217029,0.18,5,1372.3,2000.54,45.8,12777.9
28-06-2016,651.85,212607,0.18,5,1365.7,2036.09,47.93,12777.9
29-06-2016,645.15,224112,0.18,5,1374.9,2070.77,49.85,12777.9
30-06-2016,635.99,231960,0.18,5,1368.5,2098.86,48.27,12777.9
01-07-2016,667.95,205801,0.18,3,1387.8,2102.95,49.02,12839.3
05-07-2016,681.98,214959,0.17,3,1407.9,2088.55,46.73,12839.3
06-07-2016,668,214691,0.17,3,1416.3,2099.73,47.37,12839.3
07-07-2016,673.76,215548,0.17,3,1409.3,2097.9,45.22,12839.3
08-07-2016,638.5,210701,0.17,3,1406.3,2129.9,45.37,12839.3
11-07-2016,648.35,218089,0.17,3,1405.6,2137.16,44.73,12839.3
12-07-2016,649.33,219034,0.15,3,1385,2152.14,46.82,12839.3
13-07-2016,664.5,216503,0.15,3,1393.3,2152.43,44.87,12839.3
14-07-2016,652.87,217695,0.15,3,1382,2163.75,45.64,12839.3
15-07-2016,659.12,216081,0.17,3,1377.8,2161.74,45.93,12839.3
18-07-2016,679.58,222835,0.18,3,1379.7,2166.89,45.23,12839.3
19-07-2016,673.46,222146,0.18,3,1384.9,2163.78,44.64,12839.3
20-07-2016,674.95,227429,0.18,3,1372.3,2173.02,44.96,12839.3
21-07-2016,667.5,217606,0.18,3,1384.8,2165.17,43.96,12839.3
22-07-2016,664,221404,0.18,3,1378.1,2175.03,43.41,12839.3
25-07-2016,661.48,239715,0.18,3,1373.9,2168.48,42.4,12839.3
26-07-2016,654.98,237673,0.18,3,1375.2,2169.18,42.16,12839.3
27-07-2016,651.16,235603,0.21,3,1384.1,2166.58,41.9,12839.3
28-07-2016,655.37,234863,0.21,3,1390.9,2170.06,41.13,12839.3
29-07-2016,655.54,231414,0.21,3,1407.8,2173.6,41.54,12839.3
01-08-2016,623.91,225049,0.22,3,1408.3,2170.84,40.05,12937
02-08-2016,605.56,251098,0.19,3,1421.5,2157.03,39.5,12937
03-08-2016,530.74,241782,0.19,3,1416,2163.79,40.8,12937
04-08-2016,564.01,231835,0.19,3,1420,2164.25,41.92,12937
05-08-2016,577.44,228244,0.19,3,1400,2182.87,41.83,12937
08-08-2016,592.56,235295,0.22,3,1397.4,2180.89,43.06,12937
09-08-2016,591.69,231400,0.22,3,1402.7,2181.74,42.78,12937
10-08-2016,584.98,244740,0.22,3,1407.7,2175.49,41.75,12937
11-08-2016,591.5,254515,0.19,3,1406.1,2185.79,43.51,12937
12-08-2016,586.01,232973,0.19,3,1398.9,2184.05,44.47,12937
15-08-2016,567.34,202896,0.18,3,1402.7,2190.15,45.72,12937
16-08-2016,565.69,254431,0.18,3,1411.1,2178.15,46.57,12937
17-08-2016,574.94,238003,0.18,3,1402.7,2182.22,46.81,12937
18-08-2016,570.92,239541,0.18,3,1411.2,2187.02,48.2,12937
19-08-2016,570.3,246095,0.18,3,1400.1,2183.87,48.48,12937
22-08-2016,577.24,228373,0.17,3,1397.3,2182.64,46.8,12937
23-08-2016,583.3,239021,0.17,3,1399.9,2186.9,47.54,12937
24-08-2016,581.98,235130,0.17,3,1382.5,2175.44,46.29,12937
25-08-2016,578.75,234009,0.17,3,1376.1,2172.47,46.97,12937
26-08-2016,575.75,226767,0.16,3,1375.3,2169.04,47.64,12937
29-08-2016,573.2,225282,0.16,3,1376.5,2180.38,46.97,12937
30-08-2016,571.5,252002,0.16,3,1366.6,2176.12,46.32,12937
31-08-2016,575.97,225360,0.16,3,1360,2170.95,44.68,12937
01-09-2016,570.76,237466,0.15,3,1364.9,2170.86,43.17,13007.7
02-09-2016,571,225856,0.15,3,1377.6,2179.98,44.39,13007.7
06-09-2016,604.99,232118,0.15,3,1403.4,2186.48,44.85,13007.7
07-09-2016,608.16,250809,0.15,3,1399.4,2186.16,45.47,13007.7
08-09-2016,615.33,227006,0.15,3,1392.5,2181.3,47.63,13007.7
09-09-2016,625.06,220534,0.15,3,1385.4,2127.81,45.88,13007.7
12-09-2016,604.02,208649,0.17,3,1376.7,2159.04,46.28,13007.7
13-09-2016,608.01,239886,0.17,3,1373.1,2127.02,44.91,13007.7
14-09-2016,608.82,231800,0.17,3,1375.6,2125.77,43.62,13007.7
15-09-2016,608.99,233488,0.17,3,1367.2,2147.26,43.85,13007.7
16-09-2016,606.72,211128,0.18,3,1359.4,2139.16,43.04,13007.7
19-09-2016,607.31,223540,0.18,3,1366.7,2139.12,43.34,13007.7
20-09-2016,608.66,244315,0.18,3,1367.1,2139.76,43.85,13007.7
21-09-2016,605.5,239216,0.18,3,1380.7,2163.12,45.33,13007.7
22-09-2016,595.46,231227,0.16,3,1392.1,2177.18,46.1,13007.7
23-09-2016,594.08,223187,0.16,3,1389,2164.69,44.36,13007.7
26-09-2016,598.98,230769,0.15,3,1391.8,2146.1,45.6,13007.7
27-09-2016,606.79,240335,0.15,3,1377.8,2159.93,44.65,13007.7
28-09-2016,604.26,234995,0.17,3,1370.4,2171.37,47.07,13007.7
29-09-2016,603.85,242730,0.17,3,1372.8,2151.13,47.72,13007.7
30-09-2016,604.13,250943,0.17,3,1364.1,2168.27,47.72,13007.7
03-10-2016,608.6,256665,0.17,3,1359.6,2161.2,48.8,13072.4
04-10-2016,612.98,264662,0.16,3,1315.8,2150.49,48.67,13072.4
05-10-2016,607.18,266811,0.16,3,1315,2159.73,49.75,13072.4
06-10-2016,608,274486,0.16,3,1299.2,2160.77,50.44,13072.4
07-10-2016,609.41,266324,0.17,3,1298.2,2153.74,49.76,13072.4
10-10-2016,613.06,222996,0.19,3,1307.6,2163.66,49.76,13072.4
11-10-2016,614.77,263565,0.19,3,1303.2,2136.73,50.72,13072.4
12-10-2016,638.3,233440,0.19,3,1301.4,2139.18,50.14,13072.4
13-10-2016,635.16,229703,0.18,3,1306,2132.55,50.47,13072.4
14-10-2016,634.02,239724,0.18,3,1304.1,2132.98,50.35,13072.4
17-10-2016,638.97,237232,0.19,3,1305.5,2126.5,49.97,13072.4
18-10-2016,635.54,251521,0.19,3,1312.3,2139.6,50.3,13072.4
19-10-2016,635.95,199083,0.2,3,1319,2144.29,51.59,13072.4
20-10-2016,627.72,270380,0.2,3,1317.3,2141.34,50.31,13072.4
21-10-2016,628.89,265355,0.2,3,1316.8,2141.16,50.61,13072.4
24-10-2016,649.69,226980,0.2,3,1311,2151.33,50.18,13072.4
25-10-2016,643.93,237030,0.27,3,1323.9,2143.16,49.45,13072.4
26-10-2016,651.45,223316,0.27,3,1316.9,2139.43,48.75,13072.4
27-10-2016,674.63,326388,0.27,3,1322.1,2133.04,49.71,13072.4
28-10-2016,685,250876,0.22,3,1329.2,2126.41,48.72,13072.4
31-10-2016,697.23,241778,0.22,3,1325.8,2126.15,46.83,13072.4
01-11-2016,697.01,246650,0.22,4,1340.6,2111.72,46.66,13185.5
02-11-2016,726.6,268418,0.21,4,1360.6,2097.94,45.32,13185.5
03-11-2016,741.12,271998,0.21,4,1356.4,2088.66,44.66,13185.5
04-11-2016,683.69,248043,0.21,4,1358.3,2085.18,44.07,13185.5
07-11-2016,709.96,274281,0.22,4,1333,2131.52,44.88,13185.5
08-11-2016,703.23,296060,0.23,4,1328.8,2139.56,44.96,13185.5
09-11-2016,708.15,270095,0.23,4,1328.3,2163.26,45.2,13185.5
10-11-2016,721.5,271374,0.23,4,1319.2,2167.48,44.62,13185.5
11-11-2016,714.48,254619,0.2,4,1275.3,2164.45,43.39,13185.5
14-11-2016,700.38,270506,0.21,4,1278.7,2164.2,43.29,13185.5
15-11-2016,705.03,280352,0.21,4,1282.7,2180.39,45.86,13185.5
16-11-2016,711.73,289789,0.21,4,1282.1,2176.94,45.56,13185.5
17-11-2016,739.42,277460,0.23,4,1275.6,2187.12,45.37,13185.5
18-11-2016,736.84,275925,0.23,4,1268.2,2181.9,45.69,13185.5
21-11-2016,727.09,285793,0.24,4,1268.6,2198.18,47.48,13185.5
22-11-2016,736.97,285635,0.24,4,1269.8,2202.94,48.07,13185.5
23-11-2016,749.26,276924,0.3,4,1248.7,2204.72,46.72,13185.5
25-11-2016,735.64,315387,0.3,4,1237.3,2213.35,46.72,13185.5
28-11-2016,727.31,298530,0.25,4,1250.4,2201.72,45.66,13185.5
29-11-2016,729.45,289650,0.25,4,1247.3,2204.66,45.29,13185.5
30-11-2016,730.02,292654,0.25,4,1230.2,2198.81,49.41,13185.5
01-12-2016,742.05,239682,0.25,4,1225.5,2191.08,51.08,13293.8
02-12-2016,750.81,315478,0.27,4,1234.2,2191.95,51.7,13293.8
05-12-2016,762,278001,0.28,4,1233.5,2204.71,51.72,13293.8
06-12-2016,750.59,319762,0.28,4,1226.8,2212.23,50.95,13293.8
07-12-2016,758.99,310754,0.28,4,1240.4,2241.35,49.85,13293.8
08-12-2016,766.48,282711,0.28,4,1236.2,2246.19,50.84,13293.8
09-12-2016,767.28,268815,0.28,4,1225.8,2259.53,51.51,13293.8
12-12-2016,768.19,268662,0.27,4,1230.1,2256.96,52.74,13293.8
13-12-2016,777.99,291757,0.27,4,1223.4,2271.72,52.99,13293.8
14-12-2016,778.49,286328,0.28,4,1228.1,2253.28,51.01,13293.8
15-12-2016,777.09,282685,0.28,4,1201.3,2262.03,50.9,13293.8
16-12-2016,775.88,279361,0.28,4,1209.1,2258.07,51.93,13293.8
19-12-2016,788.67,282129,0.27,4,1214.1,2262.53,52.13,13293.8
20-12-2016,791.03,296473,0.29,4,1205.2,2270.76,52.22,13293.8
21-12-2016,801.51,325677,0.29,4,1204.7,2265.18,51.44,13293.8
22-12-2016,834.97,314644,0.29,4,1202,2260.96,51.98,13293.8
23-12-2016,860.18,304997,0.31,4,1205,2263.79,52.01,13293.8
27-12-2016,896.82,296546,0.31,4,1210.1,2268.88,52.82,13293.8
28-12-2016,930.34,305394,0.31,4,1212.2,2249.92,54.01,13293.8
29-12-2016,975.89,304605,0.33,4,1229.4,2249.26,53.8,13293.8
30-12-2016,970.35,286818,0.33,4,1222.7,2238.83,53.75,13293.8
03-01-2017,1013.42,301664,0.39,6,1232.9,2257.83,52.36,13275.7
04-01-2017,1037.83,328642,0.42,6,1235.3,2270.75,53.26,13275.7
05-01-2017,1109.16,288501,0.42,6,1250.3,2269,53.77,13275.7
06-01-2017,999.65,346405,0.42,6,1243.9,2276.98,53.98,13275.7
09-01-2017,910.49,269947,0.32,6,1255.8,2268.9,51.95,13275.7
10-01-2017,896.92,323888,0.31,6,1256.7,2268.9,50.82,13275.7
11-01-2017,903.66,303058,0.31,6,1268.2,2275.32,52.19,13275.7
12-01-2017,780.92,295125,0.31,6,1271.5,2270.44,53.01,13275.7
13-01-2017,805.52,272747,0.29,6,1269.5,2274.64,52.36,13275.7
17-01-2017,830.56,292697,0.33,6,1285.6,2267.89,52.45,13275.7
18-01-2017,906.6,297100,0.33,6,1283.9,2271.89,51.12,13275.7
19-01-2017,885.44,300605,0.31,6,1273.7,2263.69,51.39,13275.7
20-01-2017,903.1,298377,0.31,6,1277.4,2271.31,52.33,13275.7
23-01-2017,922.33,235530,0.43,6,1287.1,2265.2,52.77,13275.7
24-01-2017,919.97,278177,0.43,6,1282.3,2280.07,52.38,13275.7
25-01-2017,883.59,304727,0.36,6,1269.3,2298.37,52.14,13275.7
26-01-2017,893.14,313755,0.36,6,1261.1,2296.68,53.24,13275.7
27-01-2017,915.05,263332,0.36,6,1259.9,2294.69,53.18,13275.7
30-01-2017,912.19,247408,0.45,6,1264.6,2280.9,52.63,13275.7
31-01-2017,920,307683,0.43,6,1280,2278.87,52.75,13275.7
01-02-2017,964.1,350560,0.43,6,1277.7,2279.55,53.9,13299.5
02-02-2017,983.42,259559,0.43,6,1288.8,2280.85,53.55,13299.5
03-02-2017,1008.67,323563,0.5,6,1290.4,2297.42,53.81,13299.5
06-02-2017,1011.08,230027,0.55,6,1301.5,2292.56,53.01,13299.5
07-02-2017,1023.96,325268,0.55,6,1304.6,2293.08,52.19,13299.5
08-02-2017,1052.84,308316,0.55,6,1306.5,2294.67,52.37,13299.5
09-02-2017,1050.7,346544,0.45,6,1303.6,2307.87,52.99,13299.5
10-02-2017,985.34,301789,0.45,6,1302.7,2316.1,53.84,13299.5
13-02-2017,1000.74,288290,0.47,6,1293.1,2328.25,52.96,13299.5
14-02-2017,1001.2,315084,0.47,6,1293.1,2337.58,53.21,13299.5
15-02-2017,1007.08,294786,0.61,6,1302.4,2349.25,53.11,13299.5
16-02-2017,1011.25,283203,0.61,6,1310.9,2347.22,53.41,13299.5
17-02-2017,1035.2,319767,0.61,6,1307.6,2351.16,53.41,13299.5
21-02-2017,1084.06,279090,0.72,6,1307.4,2365.38,54.02,13299.5
22-02-2017,1125,282194,0.72,6,1301.5,2362.82,53.61,13299.5
23-02-2017,1130.01,325913,0.72,6,1319.9,2363.81,54.48,13299.5
24-02-2017,1187.41,343805,0.68,6,1326.6,2367.34,53.99,13299.5
27-02-2017,1180.46,284555,0.83,6,1327.3,2369.75,54.04,13299.5
28-02-2017,1194.17,325414,0.83,6,1322.5,2363.64,54,13299.5
01-03-2017,1190.89,315883,0.83,7,1319.3,2395.96,53.82,13485.6
02-03-2017,1224.98,329428,0.98,7,1302.1,2381.92,52.63,13485.6
03-03-2017,1257.6,337310,0.98,7,1297,2383.12,53.33,13485.6
06-03-2017,1271.04,287731,1.06,7,1295.5,2375.31,53.19,13485.6
07-03-2017,1279.5,327902,1.06,7,1285.9,2368.39,52.68,13485.6
08-03-2017,1233.88,297108,0.92,7,1280.1,2362.98,49.83,13485.6
09-03-2017,1155.11,303632,0.92,7,1273.9,2364.87,48.75,13485.6
10-03-2017,1192.09,308482,0.92,7,1272.2,2372.6,48.05,13485.6
13-03-2017,1227.68,273079,1.04,7,1274.8,2373.47,47.95,13485.6
14-03-2017,1240.72,310395,1,7,1274.5,2365.45,47.24,13485.6
15-03-2017,1246.72,292434,1,7,1272.5,2385.26,48.34,13485.6
16-03-2017,1257,327034,1,7,1298.9,2381.38,48.3,13485.6
17-03-2017,1170.2,292196,0.85,7,1301.8,2378.25,48.34,13485.6
20-03-2017,1010.99,277033,0.94,7,1305.4,2373.47,47.79,13485.6
21-03-2017,1031.5,288055,0.94,7,1317.2,2344.02,47.02,13485.6
22-03-2017,1113,316593,0.94,7,1319.7,2348.45,47.29,13485.6
23-03-2017,1030.2,287871,0.79,7,1316.7,2345.96,47,13485.6
24-03-2017,1029.99,289521,0.79,7,1318.6,2343.98,47.3,13485.6
27-03-2017,959.47,232291,0.84,7,1325.6,2341.59,47.02,13485.6
28-03-2017,1041.04,294001,0.84,7,1325.7,2358.57,48.36,13485.6
29-03-2017,1042.77,283931,0.84,7,1323.7,2361.13,49.47,13485.6
30-03-2017,1039.77,288788,0.73,7,1314.9,2368.06,50.3,13485.6
31-03-2017,1034.74,259403,0.73,7,1318,2362.72,50.54,13485.6
03-04-2017,1079.99,288141,0.81,6,1320.9,2358.84,50.25,13558.5
04-04-2017,1146.98,256015,0.81,6,1325,2360.16,50.99,13558.5
05-04-2017,1141.23,316555,0.84,6,1315.4,2352.95,51.14,13558.5
06-04-2017,1133.53,290465,0.84,6,1320.3,2357.49,51.69,13558.5
07-04-2017,1193.73,295463,0.84,6,1324.7,2355.54,52.25,13558.5
10-04-2017,1206.18,273384,0.9,6,1321.2,2357.16,53.06,13558.5
11-04-2017,1209.99,307893,0.9,6,1341.3,2353.78,53.38,13558.5
12-04-2017,1219.09,278093,0.9,6,1345.2,2344.93,53.12,13558.5
13-04-2017,1212.17,228679,0.9,6,1354.6,2328.95,53.19,13558.5
17-04-2017,1161.1,245184,0.88,6,1357.7,2349.01,52.62,13558.5
18-04-2017,1176.97,303091,0.88,6,1358.8,2342.19,52.46,13558.5
19-04-2017,1201.2,310104,0.88,6,1348.4,2338.17,50.49,13558.5
20-04-2017,1205,267915,1.04,6,1349.6,2355.84,50.26,13558.5
21-04-2017,1236.63,330354,1.04,6,1354.9,2348.69,49.64,13558.5
24-04-2017,1240.84,222671,0.86,6,1343.7,2374.15,48.9,13558.5
25-04-2017,1253.57,325387,0.86,6,1333.9,2388.61,49.22,13558.5
26-04-2017,1272.67,334471,0.98,6,1330.9,2387.45,49.22,13558.5
27-04-2017,1288.02,297884,0.98,6,1332.6,2388.77,48.96,13558.5
28-04-2017,1330.33,305271,0.98,6,1335,2384.2,49.31,13558.5
01-05-2017,1354.8,294786,1.01,15,1322.5,2388.33,48.83,13467.3
02-05-2017,1390.86,333161,1.18,15,1324,2391.17,47.65,13467.3
03-05-2017,1447.55,295149,1.18,15,1315.5,2388.13,47.79,13467.3
04-05-2017,1501,354737,1.18,15,1295.3,2389.52,45.55,13467.3
05-05-2017,1537.23,267193,1.54,15,1293.7,2399.29,46.23,13467.3
08-05-2017,1558.74,365096,1.41,15,1294,2399.38,46.46,13467.3
09-05-2017,1651.1,332879,1.41,15,1283,2396.92,45.84,13467.3
10-05-2017,1720.26,311391,1.41,15,1285.5,2399.63,47.28,13467.3
11-05-2017,1774.52,294743,1.74,15,1290.8,2394.44,47.81,13467.3
12-05-2017,1829,317698,1.74,15,1293.6,2390.9,47.83,13467.3
15-05-2017,1780,329229,1.44,15,1295.9,2402.32,48.86,13467.3
16-05-2017,1717.91,233977,1.44,15,1302.3,2400.67,48.64,13467.3
17-05-2017,1708.99,317527,2.74,15,1324.1,2357.03,49.04,13467.3
18-05-2017,1783.98,288904,2.74,15,1317.1,2365.72,49.36,13467.3
19-05-2017,1879.99,319502,2.74,15,1317.8,2381.73,50.32,13467.3
22-05-2017,2017.55,327868,2.19,15,1325.9,2394.02,50.81,13467.3
23-05-2017,2099.98,367710,2.8,15,1320,2398.42,51.12,13467.3
24-05-2017,2256.32,338642,2.8,15,1317.6,2404.39,50.99,13467.3
25-05-2017,2421.49,350114,2.8,15,1321.2,2415.07,48.57,13467.3
26-05-2017,2277.01,333340,3.37,15,1332.7,2415.82,49.58,13467.3
30-05-2017,2290.02,347961,3.46,15,1327,2412.91,49.63,13467.3
31-05-2017,2204.89,321634,3.46,15,1336.4,2411.8,48.29,13467.3
01-06-2017,2298.01,319709,4.27,14,1331.1,2430.06,48.32,13515.2
02-06-2017,2409.93,271539,4.27,14,1341,2439.07,47.68,13515.2
05-06-2017,2529.53,289930,4.2,14,1343.5,2436.1,47.4,13515.2
06-06-2017,2699.12,297416,4.2,14,1357.9,2429.33,48.13,13515.2
07-06-2017,2872.3,339720,5.56,14,1353.5,2433.14,45.8,13515.2
08-06-2017,2683.03,307377,5.56,14,1339.8,2433.79,45.68,13515.2
09-06-2017,2809.01,282184,5.56,14,1331.8,2431.77,45.82,13515.2
12-06-2017,2954.96,269098,4.39,14,1329.4,2429.39,46.1,13515.2
13-06-2017,2656.97,291776,4.46,14,1329.1,2440.35,46.41,13515.2
14-06-2017,2706,287644,4.46,14,1336.1,2437.92,44.79,13515.2
15-06-2017,2445,293141,4.46,14,1314.7,2432.46,44.47,13515.2
16-06-2017,2424.8,269937,3.38,14,1316.6,2433.15,44.73,13515.2
19-06-2017,2522,269774,3.66,14,1306.9,2453.46,44.24,13515.2
20-06-2017,2600,269438,3.83,14,1303.3,2437.03,43.34,13515.2
21-06-2017,2740,280203,4.46,14,1305.3,2435.61,42.48,13515.2
22-06-2017,2658.69,269685,4.5,14,1308.7,2434.5,42.53,13515.2
23-06-2017,2713.48,259938,3.54,14,1316,2438.3,42.86,13515.2
26-06-2017,2502.03,261906,3.52,14,1306,2439.07,43.24,13515.2
27-06-2017,2430,259737,3.39,14,1306.7,2419.38,44.25,13515.2
28-06-2017,2558.11,279811,3.47,14,1309.1,2440.69,44.74,13515.2
29-06-2017,2558.3,231054,3.73,14,1306,2419.7,44.88,13515.2
30-06-2017,2541.69,267360,3.36,14,1302.3,2423.41,46.02,13515.2
05-07-2017,2598.89,237008,2.45,12,1282.2,2432.54,45.11,13577.3
06-07-2017,2600,225106,2.79,12,1285,2409.75,45.52,13577.3
07-07-2017,2599.67,243614,2.51,12,1270.7,2425.18,44.25,13577.3
10-07-2017,2509.58,251722,2,12,1274.3,2427.43,44.4,13577.3
11-07-2017,2327.09,265759,1.83,12,1276,2425.53,45.06,13577.3
12-07-2017,2310.93,257138,2.03,12,1279.5,2443.25,45.48,13577.3
13-07-2017,2388,245895,2.02,12,1276.8,2447.83,46.06,13577.3
14-07-2017,2338.49,227903,2.14,12,1287.1,2459.27,46.53,13577.3
17-07-2017,1910.96,230315,1.77,12,1293.7,2459.14,46.02,13577.3
18-07-2017,2220.07,260575,1.94,12,1301.8,2460.61,46.4,13577.3
19-07-2017,2300.01,253768,1.83,12,1302,2473.83,47.1,13577.3
20-07-2017,2265.21,230199,2.51,12,1305.4,2473.45,46.73,13577.3
21-07-2017,2840,268443,2.53,12,1314.2,2472.54,45.78,13577.3
24-07-2017,2748.36,240072,1.9,12,1313.7,2469.91,46.21,13577.3
25-07-2017,2759.58,244036,1.8,12,1311.5,2477.13,47.77,13577.3
26-07-2017,2564.3,237853,1.76,12,1310.1,2477.83,48.58,13577.3
27-07-2017,2516.93,225369,1.85,12,1321.4,2475.42,49.05,13577.3
28-07-2017,2656.53,247207,2.09,12,1330.3,2472.1,49.72,13577.3
31-07-2017,2738.92,231012,2.32,12,1328.4,2470.3,50.21,13577.3
01-08-2017,2862.9,131875,1.6,20,1334.1,2476.35,49.19,13646.1
02-08-2017,2731.34,209321,1.69,20,1333.3,2477.57,49.6,13646.1
03-08-2017,2699.39,213017,1.6,20,1329.4,2472.16,49.03,13646.1
04-08-2017,2790,235792,1.36,20,1319.5,2476.83,49.57,13646.1
07-08-2017,3210.2,249002,1.62,20,1319.8,2480.91,49.37,13646.1
08-08-2017,3380.5,275574,1.97,20,1318.2,2474.92,49.07,13646.1
09-08-2017,3408.75,260955,2.02,20,1334.8,2474.02,49.59,13646.1
10-08-2017,3340.28,257965,2.54,20,1345.6,2438.21,48.54,13646.1
11-08-2017,3413.41,284001,2.91,20,1349.2,2441.32,48.81,13646.1
14-08-2017,4073.76,255362,4.1,20,1345.9,2465.84,47.59,13646.1
15-08-2017,4315.66,311002,4.72,20,1335.3,2464.61,47.57,13646.1
16-08-2017,4179.97,274866,5.27,20,1338.6,2468.11,46.8,13646.1
17-08-2017,4375.8,347319,4.57,20,1347.8,2430.01,47.07,13646.1
18-08-2017,4279.79,312250,4.56,20,1346.7,2425.55,48.59,13646.1
21-08-2017,4054.6,236772,5.07,20,1352,2428.37,47.39,13646.1
22-08-2017,3986.28,196283,6.72,20,1346.5,2452.51,47.65,13646.1
23-08-2017,4090.89,315734,7.14,20,1349.7,2444.04,48.45,13646.1
24-08-2017,4133.67,203805,7.88,20,1346.9,2438.97,47.24,13646.1
25-08-2017,4331.77,208169,8.93,20,1352.8,2443.05,47.65,13646.1
28-08-2017,4339.05,223771,7.28,20,1370.6,2444.24,46.4,13646.1
29-08-2017,4376.66,281116,7.37,20,1373.7,2446.3,46.46,13646.1
30-08-2017,4594.54,271466,6.51,20,1368.9,2457.59,45.96,13646.1
31-08-2017,4582.52,280724,6.9,20,1376.5,2471.65,47.26,13646.1
01-09-2017,4732.87,283670,6.48,21,1385.1,2476.55,47.32,13696.5
05-09-2017,4202.91,277948,4.38,21,1399.2,2457.85,48.63,13696.5
06-09-2017,4385.02,276225,4.48,21,1393.9,2465.54,49.13,13696.5
07-09-2017,4612.12,256374,4.6,21,1406,2465.1,49.1,13696.5
08-09-2017,4613.84,279488,3.49,21,1407.3,2461.43,47.44,13696.5
11-09-2017,4232.93,253492,2.66,21,1392.1,2488.11,48.06,13696.5
12-09-2017,4198.59,256230,2.47,21,1389.8,2496.48,48.21,13696.5
13-09-2017,4169.94,263320,1.99,21,1384.7,2498.37,49.3,13696.5
14-09-2017,3865.22,268068,2.05,21,1387.2,2495.62,49.86,13696.5
15-09-2017,3216.43,292079,2.04,21,1383.1,2500.23,49.9,13696.5
18-09-2017,3678.53,218204,3.06,21,1368.3,2503.87,49.88,13696.5
19-09-2017,4092.07,282917,2.43,21,1370.3,2506.65,49.54,13696.5
20-09-2017,3899.35,235723,2.45,21,1376,2508.24,50.29,13696.5
21-09-2017,3894.48,255257,2.02,21,1354.4,2500.6,50.58,13696.5
22-09-2017,3600.92,227615,1.86,21,1357.1,2502.22,50.33,13696.5
25-09-2017,3666.31,226603,2.49,21,1371.2,2496.66,51.85,13696.5
26-09-2017,3931.98,263648,2.22,21,1361.8,2496.84,51.59,13696.5
27-09-2017,3881,257961,2.25,21,1348.4,2507.04,52.14,13696.5
28-09-2017,4204.51,275976,2.04,21,1349,2510.06,51.62,13696.5
29-09-2017,4189.38,254438,1.88,21,1345.3,2519.36,51.67,13696.5
02-10-2017,4405.01,295002,2.69,22,1337.1,2529.12,50.59,13741.6
03-10-2017,4394.07,282132,2.33,22,1335.8,2534.58,50.44,13741.6
04-10-2017,4308.33,232826,2.51,22,1338,2537.74,50,13741.6
05-10-2017,4211.55,273243,2.49,22,1335.3,2552.07,50.79,13741.6
06-10-2017,4318.58,283699,2.3,22,1337,2549.33,49.34,13741.6
09-10-2017,4605.66,296946,2.32,22,1347.4,2544.73,49.58,13741.6
10-10-2017,4773.84,303101,2.67,22,1356.4,2550.64,50.93,13741.6
11-10-2017,4776.5,292459,2.43,22,1351.5,2555.24,51.3,13741.6
12-10-2017,4822.17,293164,3.07,22,1359.3,2550.93,50.61,13741.6
13-10-2017,5435.75,309819,5.15,22,1367.4,2553.17,51.43,13741.6
16-10-2017,5691.69,314725,3.47,22,1366.7,2557.64,51.86,13741.6
17-10-2017,5764.24,334438,3.47,22,1349.5,2559.36,51.87,13741.6
18-10-2017,5594.66,329579,3.15,22,1346.3,2561.26,52.05,13741.6
19-10-2017,5571.92,356985,3.02,22,1352.9,2562.1,51.29,13741.6
20-10-2017,5697.16,312409,3.03,22,1343.2,2575.21,51.63,13741.6
23-10-2017,5982.49,316096,3.45,22,1343.9,2564.98,51.91,13741.6
24-10-2017,5900.59,347220,3.3,22,1341.2,2569.13,52.32,13741.6
25-10-2017,5510.76,315415,2.49,22,1342.5,2557.15,51.97,13741.6
26-10-2017,5732.35,265827,2.46,22,1333.1,2560.4,52.41,13741.6
27-10-2017,5889.82,246692,3.92,22,1335.1,2581.07,53.92,13741.6
30-10-2017,6136.49,316077,5.23,22,1340.9,2572.83,54.11,13741.6
31-10-2017,6133.16,277535,5.48,22,1333.7,2575.26,54.36,13741.6
01-11-2017,6416.07,351529,5.67,44,1340.6,2579.36,54.32,13810.9
02-11-2017,6751.98,341474,7.1,44,1341.4,2579.85,54.55,13810.9
03-11-2017,7024.56,277598,6.67,44,1332.9,2587.84,55.63,13810.9
06-11-2017,7392.51,271029,6.21,44,1345.7,2591.13,57.34,13810.9
07-11-2017,6960.58,335636,6.43,44,1339.9,2590.64,57.19,13810.9
08-11-2017,7128.64,301346,7.67,44,1348.3,2594.38,56.82,13810.9
09-11-2017,7468.44,341281,8.19,44,1352.8,2584.62,57.16,13810.9
10-11-2017,7092.42,271745,10.77,44,1340.5,2582.3,56.75,13810.9
13-11-2017,5890.08,309299,14.77,44,1346.4,2584.84,56.77,13810.9
14-11-2017,6493.63,271995,13.27,44,1350.2,2578.87,55.67,13810.9
15-11-2017,6592.73,321788,12.12,44,1344.7,2564.62,55.28,13810.9
16-11-2017,7279.78,310396,10.24,44,1345.4,2585.64,55.14,13810.9
17-11-2017,7868.77,306617,8.27,44,1364,2578.85,56.21,13810.9
20-11-2017,8049.72,336204,6.81,44,1343.6,2582.14,56.21,13810.9
21-11-2017,8242.81,371091,6.7,44,1350.8,2599.03,56.84,13810.9
22-11-2017,8095.88,312033,6.19,44,1361.4,2597.08,57.88,13810.9
24-11-2017,8043.31,305735,4.91,44,1356.6,2602.42,58.94,13810.9
27-11-2017,9311.7,379256,6.62,44,1363.7,2601.42,58.1,13810.9
28-11-2017,9717.32,365977,7.65,44,1364,2627.04,57.96,13810.9
29-11-2017,9919,398090,7,44,1351.4,2626.07,57.25,13810.9
30-11-2017,9646.35,384386,6.11,44,1342.3,2647.58,57.4,13810.9
01-12-2017,9988.19,412908,6.39,100,1347.8,2642.22,58.35,13936.6
04-12-2017,11179.52,400686,6.34,100,1343,2639.44,57.48,13936.6
05-12-2017,11591.22,405709,7.27,100,1330.1,2629.57,57.66,13936.6
06-12-2017,11660.41,443587,14.98,100,1331.2,2629.27,55.79,13936.6
07-12-2017,13843.93,374917,26.51,100,1318,2636.98,56.5,13936.6
08-12-2017,16860.88,385092,21.37,100,1313.1,2651.5,57.15,13936.6
11-12-2017,15068.95,368598,24.54,100,1311.8,2659.99,57.84,13936.6
12-12-2017,16732.72,372977,23.97,100,1306.9,2664.11,57.12,13936.6
13-12-2017,16916.8,424579,21.77,100,1313.7,2662.85,56.59,13936.6
14-12-2017,16252.31,490644,25.81,100,1322.2,2652.01,57,13936.6
15-12-2017,16408.15,405676,27,100,1322.4,2675.81,57.29,13936.6
18-12-2017,18905.26,394239,32,100,1330.6,2690.16,57.17,13936.6
19-12-2017,18911.79,378622,41.64,100,1329.8,2681.47,57.49,13936.6
20-12-2017,17382.94,370277,54.79,100,1335.4,2679.25,58.09,13936.6
21-12-2017,16357.24,335482,54.64,100,1336.3,2684.57,58.34,13936.6
22-12-2017,15521.07,380648,51.4,100,1344.8,2683.34,58.25,13936.6
26-12-2017,13740.94,247440,39.94,100,1353.5,2680.5,59.55,13936.6
27-12-2017,15677.99,307642,36.81,100,1357.3,2682.62,59.67,13936.6
28-12-2017,15422.19,305053,32.28,100,1364.4,2687.54,59.84,13936.6
29-12-2017,14214.01,353824,30.01,100,1376.9,2673.61,60.46,13936.6
02-01-2018,13374.98,340980,28.28,54,1385.1,2695.81,60.37,13856.2
03-01-2018,14793.46,395963,27.18,54,1389,2713.06,61.61,13856.2
04-01-2018,15039.24,425008,32.27,54,1392.3,2723.99,61.98,13856.2
05-01-2018,15169.66,342707,32.25,54,1393.3,2743.15,61.49,13856.2
08-01-2018,16192.91,345672,31,54,1391.8,2747.71,61.73,13856.2
09-01-2018,14962.63,360265,29.42,54,1385.2,2751.29,62.92,13856.2
10-01-2018,14437.42,347393,28.24,54,1392.2,2748.23,63.6,13856.2
11-01-2018,14882.86,337959,28.14,54,1395.3,2767.56,63.81,13856.2
12-01-2018,13285.55,300091,28.33,54,1409.6,2786.24,64.22,13856.2
16-01-2018,13554.14,303725,22.77,54,1412,2776.42,63.82,13856.2
17-01-2018,11307.27,315771,24.41,54,1414.9,2802.56,63.92,13856.2
18-01-2018,11091.26,309495,23.09,54,1402.9,2798.03,63.96,13856.2
19-01-2018,11174.82,243619,22.24,54,1409.8,2810.3,63.38,13856.2
22-01-2018,11513.42,245562,11.26,54,1410.8,2832.97,63.66,13856.2
23-01-2018,10770.49,271936,12.41,54,1415.4,2839.13,64.45,13856.2
24-01-2018,10831.49,250423,10.52,54,1437.1,2837.54,65.69,13856.2
25-01-2018,11392.03,236580,10.42,54,1443.9,2839.25,65.62,13856.2
26-01-2018,11150.79,220459,9.77,54,1434.5,2872.87,66.27,13856.2
29-01-2018,11742.33,232176,7.16,54,1422.1,2853.53,65.71,13856.2
30-01-2018,11186.12,236609,7.92,54,1417,2822.43,64.64,13856.2
31-01-2018,10082.52,204276,7.86,54,1420.2,2823.81,64.82,13856.2
01-02-2018,10204,257664,9.95,40,1425.2,2821.98,65.92,13842.2
02-02-2018,9098.27,235918,6.7,40,1414.7,2762.13,65.5,13842.2
05-02-2018,8202.06,216363,4.58,40,1413,2648.94,64.18,13842.2
06-02-2018,6925.46,244120,4.6,40,1405.5,2695.14,63.48,13842.2
07-02-2018,7712.37,213719,4.16,40,1390.8,2681.66,61.91,13842.2
08-02-2018,7585.17,173289,4.11,40,1394.9,2581,61.3,13842.2
09-02-2018,8245.08,177860,4.19,40,1390.8,2619.55,59.2,13842.2
12-02-2018,8068.02,186918,3.23,40,1401.6,2656,59.41,13842.2
13-02-2018,8895.72,182984,2.93,40,1405.5,2662.94,59.33,13842.2
14-02-2018,8527.87,196417,3.17,40,1433.6,2698.63,60.7,13842.2
15-02-2018,9471.64,198183,3.11,40,1432.2,2731.2,61.48,13842.2
16-02-2018,10033.77,187738,2.98,40,1433.5,2732.22,61.89,13842.2
20-02-2018,11171.78,198455,2.15,40,1408.8,2716.26,61.91,13842.2
21-02-2018,11245.98,205201,2.1,40,1411,2701.33,61.73,13842.2
22-02-2018,10485.78,183235,3.96,40,1411.8,2703.96,62.72,13842.2
23-02-2018,9850.78,185193,6.24,40,1409.4,2747.3,63.52,13842.2
26-02-2018,9582.29,186474,2.43,40,1413.5,2779.6,63.81,13842.2
27-02-2018,10319.46,219624,2.89,40,1400,2744.28,62.94,13842.2
28-02-2018,10628.61,189223,2.37,40,1399.5,2713.83,61.43,13842.2
01-03-2018,10332.14,233744,2.37,22,1386.3,2677.67,60.98,14024
02-03-2018,10931.12,195073,2.43,22,1404.5,2691.25,61.19,14024
05-03-2018,11516.83,201438,1.99,22,1400.8,2720.94,62.49,14024
06-03-2018,11442.48,206016,1.69,22,1416.2,2728.12,62.54,14024
07-03-2018,10727.69,213978,1.74,22,1408.2,2726.8,61.09,14024
08-03-2018,9920.46,196422,1.56,22,1403.3,2738.97,60.13,14024
09-03-2018,9324.5,198180,2.39,22,1407,2786.57,62.02,14024
12-03-2018,9538.93,188394,2.86,22,1403.8,2783.02,61.35,14024
13-03-2018,9130,196140,1.7,22,1410.4,2765.31,60.69,14024
14-03-2018,9153.54,191042,1.44,22,1408.7,2749.48,60.89,14024
15-03-2018,8214.99,206186,1.32,22,1400.7,2747.33,61.16,14024
16-03-2018,8263.34,186979,1.12,22,1395.3,2752.01,62.29,14024
19-03-2018,8214.46,191528,1.39,22,1400.7,2712.92,62.01,14024
20-03-2018,8605.64,195168,1.43,22,1395.2,2716.94,63.37,14024
21-03-2018,8909.95,194846,1.31,22,1405.6,2711.93,65.1,14024
22-03-2018,8909.26,185187,1.24,22,1411.2,2643.69,64.25,14024
23-03-2018,8725.37,179818,1.23,22,1434,2588.26,65.8,14024
26-03-2018,8457.96,187850,1.18,22,1440,2658.55,65.49,14024
27-03-2018,8146.5,187065,1.17,22,1426.8,2612.62,65.21,14024
28-03-2018,7797.25,177521,1.07,22,1407.9,2605,64.3,14024
29-03-2018,7950.61,192411,1.05,22,1405,2640.87,64.87,14024
02-04-2018,6827.54,168178,0.89,18,1424.8,2581.88,63.05,14068
03-04-2018,7065.29,198919,0.93,18,1415.5,2614.45,63.41,14068
04-04-2018,7426.48,185710,0.94,18,1418.7,2644.69,63.35,14068
05-04-2018,6810.71,181832,0.91,18,1407.1,2662.84,63.53,14068
06-04-2018,6786.66,172889,1.31,18,1414.9,2604.47,62.03,14068
09-04-2018,7029.71,176563,0.87,18,1418.6,2613.16,63.4,14068
10-04-2018,6784.41,186415,0.83,18,1424.5,2656.87,65.48,14068
11-04-2018,6849.3,183248,0.85,18,1439,2642.19,66.81,14068
12-04-2018,6955.36,210879,1.25,18,1420.4,2663.99,67.07,14068
13-04-2018,7941.46,217282,1.34,18,1426.9,2656.3,67.35,14068
16-04-2018,8368.1,196106,1.06,18,1429.6,2677.84,66.23,14068
17-04-2018,8069.03,201820,1.04,18,1428.3,2706.39,66.5,14068
18-04-2018,7907.19,200740,1.02,18,1432.5,2708.64,68.44,14068
19-04-2018,8175.96,213523,1.06,18,1427.8,2693.13,68.3,14068
20-04-2018,8288.12,207777,1.18,18,1417.2,2670.14,68.26,14068
23-04-2018,8812.76,226353,1.15,18,1403,2670.29,67.61,14068
24-04-2018,8952.68,254493,2.37,18,1412.1,2634.56,67.66,14068
25-04-2018,9658.11,213155,3.96,18,1401.9,2639.4,68,14068
26-04-2018,8870.14,216732,2.76,18,1397,2666.94,68.18,14068
27-04-2018,9294.67,211119,2.43,18,1402.6,2669.91,68.11,14068
30-04-2018,9398.4,215107,1.59,18,1398.1,2648.05,68.56,14068
01-05-2018,9239.55,199959,1.42,14,1385.4,2654.8,67.28,13988.9
02-05-2018,9074.98,212296,1.67,14,1384.3,2635.67,67.91,13988.9
03-05-2018,9220.76,228521,1.62,14,1391.4,2629.73,68.45,13988.9
04-05-2018,9753.35,219069,1.75,14,1393.7,2663.42,69.71,13988.9
07-05-2018,9631.44,205063,1.63,14,1393.2,2672.63,70.74,13988.9
08-05-2018,9369.16,217810,1.46,14,1392.8,2671.92,68.83,13988.9
09-05-2018,9186.69,206579,1.36,14,1392,2697.79,71.16,13988.9
10-05-2018,9310.37,208961,1.19,14,1401.1,2723.07,71.36,13988.9
11-05-2018,9015.88,213624,1.57,14,1399.4,2727.72,70.69,13988.9
14-05-2018,8691.46,209697,1.44,14,1396.9,2730.13,71.01,13988.9
15-05-2018,8671.51,214779,1.52,14,1368.8,2711.45,71.34,13988.9
16-05-2018,8471.06,208463,1.28,14,1370.8,2722.46,71.43,13988.9
17-05-2018,8343.27,192683,2.35,14,1368.6,2720.13,71.47,13988.9
18-05-2018,8063.86,211496,2.67,14,1369.9,2712.97,71.23,13988.9
21-05-2018,8520.59,202647,1.31,14,1369.7,2733.01,72.26,13988.9
22-05-2018,8396.63,203337,1.07,14,1370.7,2724.44,72.09,13988.9
23-05-2018,7987.38,223196,1.08,14,1368.1,2733.29,71.85,13988.9
24-05-2018,7511.91,206825,1.08,14,1383.1,2727.76,70.77,13988.9
25-05-2018,7576.78,196181,1.16,14,1382.1,2721.33,67.92,13988.9
29-05-2018,7106.06,204769,1.02,14,1373.9,2689.86,66.8,13988.9
30-05-2018,7457.02,204077,0.82,14,1376.9,2724.01,68.24,13988.9
31-05-2018,7386.72,209526,0.78,14,1375.2,2705.27,66.98,13988.9
01-06-2018,7489.66,205481,0.74,13,1370.2,2734.62,65.81,14080.6
04-06-2018,7713.85,209916,0.75,13,1369.1,2746.87,64.76,14080.6
05-06-2018,7495.47,212901,0.65,13,1374.1,2748.8,65.51,14080.6
06-06-2018,7619.43,206417,0.72,13,1373.5,2772.35,64.75,14080.6
07-06-2018,7653.96,207627,0.77,13,1374.4,2770.37,65.96,14080.6
08-06-2018,7687.37,200379,0.68,13,1374.4,2779.03,65.77,14080.6
11-06-2018,6762.1,213196,0.78,13,1375.5,2782,66.1,14080.6
12-06-2018,6879.31,214595,0.68,13,1371.8,2786.85,66.38,14080.6
13-06-2018,6553,211829,1.11,13,1373.5,2775.63,66.63,14080.6
14-06-2018,6299.89,210029,0.86,13,1380.6,2782.49,66.91,14080.6
15-06-2018,6637.41,205861,0.74,13,1349.3,2779.66,65.01,14080.6
18-06-2018,6445.79,196305,0.58,13,1351.1,2773.75,65.91,14080.6
19-06-2018,6712.5,191805,2.94,13,1349.2,2762.59,65.09,14080.6
20-06-2018,6743.41,198889,6.74,13,1345.3,2767.32,65.92,14080.6
21-06-2018,6760.83,198113,2.5,13,1341,2749.76,65.68,14080.6
22-06-2018,6719.79,204144,2.14,13,1341.3,2754.88,69.02,14080.6
25-06-2018,6157.04,200173,1.08,13,1339.2,2717.07,69.91,14080.6
26-06-2018,6249.62,195404,1.03,13,1329.6,2723.06,75.23,14080.6
27-06-2018,6097.46,188510,1.04,13,1325.7,2699.63,77.41,14080.6
28-06-2018,6143.97,187624,0.88,13,1320.2,2716.31,73.45,14080.6
29-06-2018,5878.14,197881,0.82,13,1323.9,2718.37,74.13,14080.6
02-07-2018,6365.66,199294,0.76,13,1309.9,2726.71,73.89,14115.1
03-07-2018,6626.44,216747,0.84,13,1322.4,2713.22,74.19,14115.1
05-07-2018,6602.32,199600,0.65,13,1327.6,2736.61,73.05,14115.1
06-07-2018,6555.51,200993,0.7,13,1324.8,2759.82,73.78,14115.1
09-07-2018,6724.04,206546,0.65,13,1329,2784.17,73.93,14115.1
10-07-2018,6682.68,216063,0.68,13,1325.1,2793.84,74.11,14115.1
11-07-2018,6329.27,202603,0.64,13,1313.3,2774.02,70.47,14115.1
12-07-2018,6403.18,203535,0.57,13,1315.4,2798.29,70.28,14115.1
13-07-2018,6239.47,207904,0.59,13,1309.5,2801.31,71.03,14115.1
16-07-2018,6348.09,207842,0.74,13,1308,2798.43,68.22,14115.1
17-07-2018,6732.81,233966,0.73,13,1295.1,2809.55,68.03,14115.1
18-07-2018,7321.62,238769,0.99,13,1295.5,2815.62,68.78,14115.1
19-07-2018,7371.11,225039,0.95,13,1290.9,2804.49,69.42,14115.1
20-07-2018,7473.9,225529,0.76,13,1297.3,2801.83,70.31,14115.1
23-07-2018,7406.66,229480,0.87,13,1291.2,2806.98,67.9,14115.1
24-07-2018,7715.1,259358,0.93,13,1291.3,2820.4,70.77,14115.1
25-07-2018,8418.11,250208,0.89,13,1297.2,2846.07,71.13,14115.1
26-07-2018,8171.65,231679,0.85,13,1291.6,2837.44,71.59,14115.1
27-07-2018,7939.81,229397,0.72,13,1289.1,2818.82,68.66,14115.1
30-07-2018,8220.91,230924,0.87,13,1287.8,2802.6,71.19,14115.1
31-07-2018,8171.49,242977,0.83,13,1289.9,2816.29,69.88,14115.1
01-08-2018,7735.28,241044,0.67,13,1284.1,2813.36,68.8,14171.6
02-08-2018,7607.7,224873,0.85,13,1276.3,2827.22,68.95,14171.6
03-08-2018,7535.88,229859,0.75,13,1279.5,2840.35,68.49,14171.6
06-08-2018,7032.3,218607,0.57,13,1273.7,2850.4,69.01,14171.6
07-08-2018,6937.23,233045,0.56,13,1274.3,2858.45,69.17,14171.6
08-08-2018,6718.23,235311,0.57,13,1276.9,2857.7,66.92,14171.6
09-08-2018,6277.59,222326,0.6,13,1275.9,2853.58,66.81,14171.6
10-08-2018,6532.36,226148,0.57,13,1274.7,2833.28,67.61,14171.6
13-08-2018,6313.42,222229,0.56,13,1254.2,2821.93,67.25,14171.6
14-08-2018,6252.13,247622,0.65,13,1256,2839.96,67.04,14171.6
15-08-2018,6189.97,246066,0.57,13,1239.8,2818.37,65.07,14171.6
16-08-2018,6270.67,232335,0.66,13,1238.8,2840.69,65.44,14171.6
17-08-2018,6312.75,233794,0.69,13,1238.9,2850.13,65.93,14171.6
20-08-2018,6486.58,214983,0.86,13,1248.6,2857.05,66.5,14171.6
21-08-2018,6262.64,217777,0.73,13,1253.9,2862.96,67.32,14171.6
22-08-2018,6472.41,230333,0.69,13,1257.2,2861.82,67.85,14171.6
23-08-2018,6354.57,217352,0.57,13,1247,2856.98,69.13,14171.6
24-08-2018,6525.96,219848,0.57,13,1266.8,2874.69,69.71,14171.6
27-08-2018,6707.96,223656,0.98,13,1269.8,2896.74,69.97,14171.6
28-08-2018,6901.26,238039,1.32,13,1268.2,2897.52,68.54,14171.6
29-08-2018,7078.19,237508,0.7,13,1265.1,2914.04,69.68,14171.6
30-08-2018,7032.13,231391,0.72,13,1257.9,2901.13,70.25,14171.6
31-08-2018,6986.54,237076,0.74,13,1259.5,2901.52,69.84,14171.6
04-09-2018,7265.08,232265,0.76,12,1252,2896.72,69.82,14207.2
05-09-2018,7359.19,246477,0.91,12,1254.4,2888.6,68.69,14207.2
06-09-2018,6695.32,252261,0.8,12,1257.5,2878.05,67.81,14207.2
07-09-2018,6501.19,230790,0.77,12,1253.9,2871.68,67.73,14207.2
10-09-2018,6240.98,222866,0.56,12,1253.4,2877.13,67.55,14207.2
11-09-2018,6306.59,237571,0.62,12,1256,2887.89,69.29,14207.2
12-09-2018,6283.54,233275,0.64,12,1265.1,2888.92,70.37,14207.2
13-09-2018,6326.04,234209,0.56,12,1262.2,2904.18,68.6,14207.2
14-09-2018,6479.6,223250,0.62,12,1255,2904.98,68.98,14207.2
17-09-2018,6497.37,240152,0.46,12,1259.6,2888.8,68.86,14207.2
18-09-2018,6253.99,244259,0.49,12,1256.9,2904.31,69.87,14207.2
19-09-2018,6342.39,251037,0.41,12,1262.7,2907.95,71.08,14207.2
20-09-2018,6389.3,253674,0.46,12,1265.6,2930.75,70.77,14207.2
21-09-2018,6496.02,273051,0.63,12,1255.5,2929.67,70.8,14207.2
24-09-2018,6705.66,237670,0.43,12,1258.6,2919.37,73.23,14207.2
25-09-2018,6583.45,252113,0.51,12,1259.4,2915.56,73.4,14207.2
26-09-2018,6432.71,243927,0.53,12,1253,2905.97,72.22,14207.2
27-09-2018,6459.35,248686,0.62,12,1241,2914,72.18,14207.2
28-09-2018,6686.08,254239,0.75,12,1249.9,2913.98,73.16,14207.2
01-10-2018,6611.02,242820,0.59,10,1245.6,2924.59,75.37,14209.7
02-10-2018,6586.58,244772,0.69,10,1261.3,2923.43,75.16,14209.7
03-10-2018,6521.31,242303,0.57,10,1257.3,2925.51,76.4,14209.7
04-10-2018,6483.73,243157,0.5,10,1256.1,2901.61,74.44,14209.7
05-10-2018,6568.14,244719,0.57,10,1260.8,2885.57,74.26,14209.7
08-10-2018,6588.93,248041,0.44,10,1243.5,2884.43,74.27,14209.7
09-10-2018,6641.33,235862,0.47,10,1246.4,2880.34,74.95,14209.7
10-10-2018,6626.85,244945,0.42,10,1248,2785.68,73.18,14209.7
11-10-2018,6581.07,262467,0.44,10,1282.6,2728.37,70.97,14209.7
12-10-2018,6207.79,243174,0.47,10,1276.6,2767.13,71.41,14209.7
15-10-2018,6265.16,266945,0.55,10,1285.6,2750.79,71.84,14209.7
16-10-2018,6599.17,257967,0.48,10,1286,2809.92,71.93,14209.7
17-10-2018,6616.45,260362,0.47,10,1282.1,2809.21,69.63,14209.7
18-10-2018,6595.51,253450,0.46,10,1285.3,2768.78,68.63,14209.7
19-10-2018,6509.61,253826,0.44,10,1284,2767.78,69.16,14209.7
22-10-2018,6504.78,255324,0.42,10,1280,2755.88,69.25,14209.7
23-10-2018,6493.89,253463,0.42,10,1292.2,2740.69,66.49,14209.7
24-10-2018,6476.85,254091,0.43,10,1286.2,2656.1,66.56,14209.7
25-10-2018,6489.77,254599,0.44,10,1287.4,2705.57,67.25,14209.7
26-10-2018,6466.29,253002,0.45,10,1290.7,2658.69,67.58,14209.7
29-10-2018,6449.37,269754,0.41,10,1282.1,2641.25,67,14209.7
30-10-2018,6307.51,283327,0.36,10,1279.9,2682.63,66.18,14209.7
31-10-2018,6301.61,288283,0.39,10,1269.2,2711.74,65.31,14209.7
01-11-2018,6338.78,281941,0.39,13,1293.2,2740.37,63.67,14263.2
02-11-2018,6373.08,292704,0.35,13,1288.3,2723.06,63.12,14263.2
05-11-2018,6454,293239,0.43,13,1287.4,2738.31,63.12,14263.2
06-11-2018,6437.76,285451,0.45,13,1281.4,2755.45,62.16,14263.2
07-11-2018,6477.84,293734,0.49,13,1283.8,2813.89,61.69,14263.2
08-11-2018,6536.83,277597,0.5,13,1280.3,2806.83,60.71,14263.2
09-11-2018,6444.97,283896,0.42,13,1263.3,2781.01,60.19,14263.2
12-11-2018,6408.53,300006,0.41,13,1257.9,2726.22,59.85,14263.2
13-11-2018,6384.75,279160,0.53,13,1255.8,2722.18,55.63,14263.2
14-11-2018,6358.25,292755,0.73,13,1264.4,2701.58,56.16,14263.2
15-11-2018,5756.77,291525,0.72,13,1269.9,2730.2,56.45,14263.2
16-11-2018,5658.73,283124,0.44,13,1277.2,2736.27,56.49,14263.2
19-11-2018,5616.29,267971,1.09,13,1279.8,2690.73,57.16,14263.2
20-11-2018,4848.78,288450,0.87,13,1275.7,2641.89,53.39,14263.2
21-11-2018,4491.98,254942,0.66,13,1282.9,2649.93,54.41,14263.2
26-11-2018,4010.72,257062,0.52,13,1277.9,2673.45,51.46,14263.2
27-11-2018,3793.35,268533,0.62,13,1268.6,2682.17,51.31,14263.2
28-11-2018,3828.45,254456,0.77,13,1278.5,2743.79,50.06,14263.2
29-11-2018,4256.55,246226,0.65,13,1279.1,2737.8,51.46,14263.2
30-11-2018,4278.77,250157,0.53,13,1274.8,2760.17,50.78,14263.2
03-12-2018,4140.6,240652,0.46,13,1288.5,2790.37,52.98,14456.5
04-12-2018,3894.21,270189,0.39,13,1295.7,2700.06,53.21,14456.5
06-12-2018,3744.98,279654,0.41,13,1292.6,2695.95,51.54,14456.5
07-12-2018,3484.94,253890,0.29,13,1301.9,2633.08,52.76,14456.5
10-12-2018,3588.44,258353,0.31,13,1297.9,2637.72,51.07,14456.5
11-12-2018,3472.98,251487,0.29,13,1296,2636.78,51.65,14456.5
12-12-2018,3407.28,261423,0.27,13,1298.9,2651.07,51.04,14456.5
13-12-2018,3487.73,268422,0.29,13,1296.3,2650.54,52.69,14456.5
14-12-2018,3308.11,275801,0.22,13,1290.1,2599.95,51.26,14456.5
17-12-2018,3246.64,298823,0.35,13,1300.5,2545.94,49.8,14456.5
18-12-2018,3556.54,266245,0.41,13,1301.6,2546.16,46.12,14456.5
19-12-2018,3714.09,302392,0.38,13,1304.4,2506.96,47.96,14456.5
20-12-2018,3734.55,287273,0.44,13,1316.2,2467.42,45.64,14456.5
21-12-2018,4135.19,280588,0.29,13,1306.2,2416.62,45.38,14456.5
26-12-2018,3821.52,281305,0.21,13,1321.4,2467.7,46.04,14456.5
27-12-2018,3848.21,300020,0.21,13,1329.6,2488.83,44.48,14456.5
28-12-2018,3638.9,308267,0.22,13,1331.4,2485.74,45.15,14456.5
02-01-2019,3855.88,271696,0.25,10,1332.8,2510.03,46.31,14433.6
03-01-2019,3931.31,291016,0.26,10,1343.6,2447.89,46.92,14433.6
04-01-2019,3822.87,281772,0.18,10,1334.8,2531.94,47.76,14433.6
07-01-2019,4071.77,284782,0.26,10,1339,2549.69,48.27,14433.6
08-01-2019,4032.25,318524,0.3,10,1334.9,2574.41,49.58,14433.6
09-01-2019,4020.97,319056,0.3,10,1341.1,2584.96,52.19,14433.6
10-01-2019,4016.92,327338,0.29,10,1336.8,2596.64,52.42,14433.6
11-01-2019,3646.25,308372,0.22,10,1339.2,2596.26,51.44,14433.6
14-01-2019,3531.96,326685,0.26,10,1341,2582.61,50.31,14433.6
15-01-2019,3682.48,302279,0.3,10,1337.5,2610.3,51.8,14433.6
16-01-2019,3600.16,305702,0.28,10,1343.1,2616.1,52.08,14433.6
17-01-2019,3621.43,296695,0.25,10,1341.7,2635.96,51.83,14433.6
18-01-2019,3658.41,305965,0.23,10,1331.9,2670.71,53.6,14433.6
22-01-2019,3540.02,296040,0.27,10,1332.2,2632.9,52.59,14433.6
23-01-2019,3587.35,293494,0.26,10,1333.1,2638.7,52.44,14433.6
24-01-2019,3566.4,308146,0.29,10,1328.7,2642.33,52.94,14433.6
25-01-2019,3586.25,301085,0.26,10,1347.1,2664.76,53.53,14433.6
28-01-2019,3554.5,308062,0.24,10,1352.9,2643.85,51.79,14433.6
29-01-2019,3448.58,326162,0.23,10,1358.7,2640,53.07,14433.6
30-01-2019,3421.6,321980,0.28,10,1359.1,2681.05,54.18,14433.6
31-01-2019,3470,353945,0.33,10,1367.9,2704.1,53.84,14433.6
01-02-2019,3444.81,339341,0.2,10,1365,2706.53,55.29,14411.4
04-02-2019,3456.02,335288,0.17,10,1362.2,2724.87,54.57,14411.4
05-02-2019,3452.35,354069,0.21,10,1362.5,2737.7,53.69,14411.4
06-02-2019,3467.34,349596,0.16,10,1357.7,2731.61,53.94,14411.4
07-02-2019,3405.7,353046,0.22,10,1357.5,2706.05,52.68,14411.4
08-02-2019,3394.76,335280,0.21,10,1361.7,2707.88,52.75,14411.4
11-02-2019,3686.29,315725,0.45,10,1355.1,2709.8,52.43,14411.4
12-02-2019,3629.47,271573,0.36,10,1357.1,2744.73,53.14,14411.4
13-02-2019,3632.42,352651,0.26,10,1358.5,2753.03,53.84,14411.4
14-02-2019,3614.5,354483,0.32,10,1357.1,2745.73,54.4,14411.4
15-02-2019,3600.31,296729,0.24,10,1365.1,2775.6,55.58,14411.4
19-02-2019,3910.8,348242,0.47,10,1387.8,2779.76,56.12,14411.4
20-02-2019,3926.53,314320,0.46,10,1390.8,2784.7,56.9,14411.4
21-02-2019,3987.18,297595,0.44,10,1370.4,2774.88,56.95,14411.4
22-02-2019,3944.88,350306,0.31,10,1375.7,2792.67,57.01,14411.4
25-02-2019,3766.89,336634,0.38,10,1372.2,2796.11,55.32,14411.4
26-02-2019,3848.33,366568,0.36,10,1371.2,2793.9,55.4,14411.4
27-02-2019,3831.45,344560,0.31,10,1363.8,2792.38,56.92,14411.4
28-02-2019,3833.23,367827,0.33,10,1358.6,2784.49,57.21,14411.4
01-03-2019,3850.08,354422,0.29,8,1341.6,2803.69,55.76,14582.9
04-03-2019,3814.58,304188,0.38,8,1329.6,2792.81,56.6,14582.9
05-03-2019,3730.98,285716,0.53,8,1326.8,2789.65,56.55,14582.9
06-03-2019,3872.25,277863,0.51,8,1329.8,2771.45,56.22,14582.9
07-03-2019,3876.85,282523,0.47,8,1328.2,2748.93,56.6,14582.9
08-03-2019,3886.82,285264,0.4,8,1341.8,2743.07,55.77,14582.9
11-03-2019,3928.17,294741,0.42,8,1333.3,2783.3,56.79,14582.9
12-03-2019,3881.09,285653,0.49,8,1339.9,2791.52,56.89,14582.9
13-03-2019,3892.51,285957,0.48,8,1351.4,2810.92,58.27,14582.9
14-03-2019,3877.77,299929,0.41,8,1336.9,2808.48,58.59,14582.9
15-03-2019,3885.21,296970,0.34,8,1344.6,2822.48,58.51,14582.9
18-03-2019,3994.92,291505,0.29,8,1343.4,2832.94,59.09,14582.9
19-03-2019,3998.77,304744,0.35,8,1348.7,2832.57,59.12,14582.9
20-03-2019,4029.11,304960,0.47,8,1343.5,2824.23,60.12,14582.9
21-03-2019,4056.4,300712,0.36,8,1349,2854.88,59.98,14582.9
22-03-2019,3992.34,298524,0.28,8,1353.8,2800.71,58.87,14582.9
25-03-2019,3994.11,322191,0.39,8,1363.9,2798.36,58.71,14582.9
26-03-2019,3935.89,366415,0.5,8,1356.3,2818.46,59.87,14582.9
27-03-2019,3947.74,383186,0.48,8,1351.3,2805.37,59.39,14582.9
28-03-2019,4048.51,393698,0.7,8,1329.9,2815.44,59.29,14582.9
29-03-2019,4037.37,369817,0.59,8,1333.5,2834.4,60.19,14582.9
01-04-2019,4114.16,368904,0.69,12,1329.5,2867.19,61.59,14633.9
02-04-2019,4152.53,401507,1.33,12,1330.7,2867.24,62.53,14633.9
03-04-2019,4882.88,360250,1.99,12,1330.6,2873.4,62.46,14633.9
04-04-2019,4959.81,354660,2.17,12,1329.5,2879.39,62.12,14633.9
05-04-2019,4911.24,387090,1.47,12,1331.1,2892.74,63.1,14633.9
08-04-2019,5189.39,372417,1.82,12,1337.4,2895.77,64.37,14633.9
09-04-2019,5268.71,346071,1.73,12,1343.9,2878.2,64.05,14633.9
10-04-2019,5175.81,396501,1.48,12,1349.4,2888.21,64.62,14633.9
11-04-2019,5310.18,402802,1.46,12,1328.9,2888.32,63.61,14633.9
12-04-2019,5035.02,376767,1.35,12,1331.4,2907.41,63.86,14633.9
15-04-2019,5152.51,381473,1.05,12,1327.5,2905.58,63.43,14633.9
16-04-2019,5036.18,358517,1.09,12,1313.2,2907.06,64.01,14633.9
17-04-2019,5196.65,350737,1.14,12,1312.5,2900.45,63.74,14633.9
18-04-2019,5220.37,382981,0.99,12,1311.8,2905.03,64.02,14633.9
22-04-2019,5281.83,342014,1.09,12,1313.4,2907.97,65.66,14633.9
23-04-2019,5377.19,311753,1.71,12,1308.7,2933.68,66.24,14633.9
24-04-2019,5518.16,404279,1.79,12,1314.9,2927.25,65.96,14633.9
25-04-2019,5434.19,384089,1.33,12,1315.2,2926.17,65.23,14633.9
26-04-2019,5195.61,381209,1.24,12,1324.2,2939.88,63.29,14633.9
29-04-2019,5301.29,363207,0.99,12,1316.6,2943.03,63.39,14633.9
30-04-2019,5260.65,346486,1.27,12,1320.7,2945.83,63.83,14633.9
01-05-2019,5269.79,439549,0.79,17,1319.3,2923.73,63.55,14584.1
02-05-2019,5326.67,452646,0.76,17,1307.3,2917.52,61.75,14584.1
03-05-2019,5390.16,383032,1.19,17,1316.8,2945.64,61.98,14584.1
06-05-2019,5717.66,378476,1.14,17,1319.1,2932.47,62.3,14584.1
07-05-2019,5684.47,329943,1.65,17,1320.9,2884.05,61.41,14584.1
08-05-2019,5755.72,393081,1.67,17,1316.5,2879.42,62.13,14584.1
09-05-2019,5936.72,361569,1.78,17,1320.2,2870.72,61.58,14584.1
10-05-2019,6146.91,322963,2.4,17,1322.3,2881.4,61.65,14584.1
13-05-2019,6978.63,390428,2.14,17,1335.5,2811.87,60.97,14584.1
14-05-2019,7823.11,367370,2.88,17,1329.6,2834.41,61.82,14584.1
15-05-2019,7992.69,368901,4.2,17,1330.7,2850.96,62.03,14584.1
16-05-2019,8206.9,375062,4.86,17,1319.6,2876.32,62.93,14584.1
17-05-2019,7885.96,361654,4.57,17,1309,2859.53,62.77,14584.1
20-05-2019,8193.7,381582,3.85,17,1311,2840.23,63.12,14584.1
21-05-2019,8007.03,380889,4.23,17,1306.9,2864.36,63.02,14584.1
22-05-2019,7952.5,394887,3.55,17,1308.1,2856.27,61.42,14584.1
23-05-2019,7625.93,389343,3.24,17,1318.6,2822.24,57.65,14584.1
24-05-2019,7880.29,373882,4.11,17,1316.9,2826.06,58.4,14584.1
28-05-2019,8770.06,390427,4.34,17,1310.2,2802.39,58.91,14584.1
29-05-2019,8719.88,405155,3.99,17,1313.5,2783.02,58.84,14584.1
30-05-2019,8662.98,376874,4.32,17,1319.9,2788.86,56.47,14584.1
31-05-2019,8272.46,298997,5.73,17,1337.9,2752.06,53.49,14584.1
03-06-2019,8739.03,294009,5.76,20,1353.4,2744.45,53.25,14743.5
04-06-2019,8134.92,374763,4.55,20,1354.6,2803.27,53.5,14743.5
05-06-2019,7675.8,372948,3.32,20,1358.8,2826.15,51.57,14743.5
06-06-2019,7786.04,364526,2.6,20,1366.9,2843.49,52.59,14743.5
07-06-2019,7803.23,350011,2.4,20,1370.4,2873.34,53.95,14743.5
10-06-2019,7640.61,353629,2.25,20,1354.8,2886.73,53.33,14743.5
11-06-2019,8020.38,340449,2.56,20,1356.9,2885.72,53.3,14743.5
12-06-2019,7917.58,328464,2.66,20,1362.3,2879.84,51.13,14743.5
13-06-2019,8173.06,364373,2.45,20,1368.8,2891.64,52.38,14743.5
14-06-2019,8237.88,364383,2.69,20,1369.6,2886.98,52.47,14743.5
17-06-2019,8978.99,321072,3.37,20,1367.7,2889.67,51.94,14743.5
18-06-2019,9327.48,394843,2.71,20,1375.5,2917.75,53.86,14743.5
19-06-2019,9076.18,401032,2.41,20,1373.5,2926.46,53.74,14743.5
20-06-2019,9281.7,330103,3.17,20,1420.3,2954.18,56.88,14743.5
21-06-2019,9531.35,337741,3.66,20,1423.4,2950.46,57.35,14743.5
24-06-2019,10814.48,388342,2.86,20,1441.4,2945.35,57.73,14743.5
25-06-2019,11017.5,361385,3.79,20,1441.8,2917.38,57.63,14743.5
26-06-2019,11766.4,399624,5.91,20,1438.6,2913.78,59.17,14743.5
27-06-2019,12932.55,361050,6.53,20,1435.4,2924.92,59.18,14743.5
28-06-2019,11132.85,407094,5.24,20,1437.5,2941.76,58.2,14743.5
01-07-2019,10737.73,336862,4.03,18,1413.9,2964.33,58.91,14822.7
02-07-2019,10578.72,373409,3.25,18,1433.1,2973.01,56,14822.7
03-07-2019,10805.4,397554,2.69,18,1446.1,2995.82,57.06,14822.7
08-07-2019,11477.01,378966,2.11,18,1426.8,2975.95,57.35,14822.7
09-07-2019,12313.08,365588,2.44,18,1427.6,2979.63,57.57,14822.7
10-07-2019,12586.78,315664,3.44,18,1439.9,2993.07,60.28,14822.7
11-07-2019,12099.9,325776,2.84,18,1434.6,2999.91,59.93,14822.7
12-07-2019,11352.87,360899,2.15,18,1440.2,3013.77,59.99,14822.7
15-07-2019,10186.96,349111,1.9,18,1441.5,3014.3,59.3,14822.7
16-07-2019,10873.5,363337,1.79,18,1439.3,3004.04,57.44,14822.7
17-07-2019,9397.72,324892,1.9,18,1451.6,2984.42,56.5,14822.7
18-07-2019,9674.28,315745,2.3,18,1456.4,2995.11,55.08,14822.7
19-07-2019,10638.56,299891,2.48,18,1454.7,2976.61,55.42,14822.7
22-07-2019,10587.41,319399,1.77,18,1455.2,2985.03,55.87,14822.7
23-07-2019,10323.62,320352,1.61,18,1450,3005.47,56.58,14822.7
24-07-2019,9844.3,295589,1.64,18,1452.1,3019.56,55.9,14822.7
25-07-2019,9772.17,336536,1.66,18,1443.1,3003.67,55.88,14822.7
26-07-2019,9875.17,319612,1.42,18,1448.1,3025.86,56.04,14822.7
29-07-2019,9530,333619,1.13,18,1449.2,3020.97,56.85,14822.7
30-07-2019,9501.33,328375,1.74,18,1457.7,3013.18,58.04,14822.7
31-07-2019,9589.13,361337,1.46,18,1453.7,2980.38,58.53,14822.7
01-08-2019,10084.7,335943,1.4,15,1448.4,2953.56,53.64,14903.9
02-08-2019,10407.17,349556,1.34,15,1472.9,2932.05,55.67,14903.9
05-08-2019,10980.23,339136,1.43,15,1491,2844.74,54.63,14903.9
06-08-2019,11787.99,368348,1.47,15,1498.6,2881.77,53.6,14903.9
07-08-2019,11465.67,370909,2.24,15,1533.6,2883.98,51.14,14903.9
08-08-2019,11960.82,336181,2.47,15,1524,2938.09,52.6,14903.9
09-08-2019,11996.41,341125,2.25,15,1523.3,2918.65,54.41,14903.9
12-08-2019,11566.84,297446,1.95,15,1532,2882.7,54.98,14903.9
13-08-2019,11386.26,370747,2.23,15,1529.3,2926.32,57.05,14903.9
14-08-2019,10858.12,359997,1.69,15,1542.9,2840.6,55.16,14903.9
15-08-2019,10016.96,355644,1.52,15,1545.9,2847.6,54.51,14903.9
16-08-2019,10302.17,323625,1.62,15,1538.2,2888.68,54.83,14903.9
19-08-2019,10317.6,330473,1.33,15,1526.2,2923.65,56.24,14903.9
20-08-2019,10917.26,333304,1.52,15,1530.4,2900.51,56.18,14903.9
21-08-2019,10760.56,308808,1.71,15,1530.4,2924.43,55.65,14903.9
22-08-2019,10129.4,322453,1.68,15,1523.4,2922.95,55.33,14903.9
23-08-2019,10111.98,340220,1.24,15,1552.5,2847.11,54.08,14903.9
26-08-2019,10135.06,318219,1.08,15,1552.1,2878.38,53.54,14903.9
27-08-2019,10360.28,325984,1.06,15,1567.2,2869.16,54.99,14903.9
28-08-2019,10171.95,341200,1,15,1564.5,2887.94,55.76,14903.9
29-08-2019,9717.82,346734,0.93,15,1552.6,2924.58,56.67,14903.9
30-08-2019,9484.55,349200,0.93,15,1545.5,2926.46,55.07,14903.9
03-09-2019,10386.64,370631,1.1,13,1571.9,2906.27,53.91,14994.9
04-09-2019,10621.29,324741,1.21,13,1576.2,2937.78,56.22,14994.9
05-09-2019,10584.16,352410,1.1,13,1541.3,2976,56.33,14994.9
06-09-2019,10577.8,365531,1.09,13,1531.5,2978.71,56.45,14994.9
09-09-2019,10406.31,316852,1.06,13,1527.6,2978.43,57.88,14994.9
10-09-2019,10313.66,339858,1.12,13,1515.8,2979.39,57.37,14994.9
11-09-2019,10101.03,338276,1.03,13,1520,3000.93,55.66,14994.9
12-09-2019,10159.32,335868,0.9,13,1524.5,3009.57,55.13,14994.9
13-09-2019,10420.16,308856,0.92,13,1517,3007.39,54.76,14994.9
16-09-2019,10310.43,347341,0.86,13,1528.7,2997.96,63.1,14994.9
17-09-2019,10265.63,343778,1.03,13,1530.5,3005.7,59.26,14994.9
18-09-2019,10190.36,363185,0.96,13,1532.8,3006.73,58.19,14994.9
19-09-2019,10157.59,346110,1.04,13,1523.2,3006.79,58.19,14994.9
20-09-2019,10275.88,340929,0.96,13,1532,2992.07,57.92,14994.9
23-09-2019,10033.05,288149,1.11,13,1548.5,2991.78,58.69,14994.9
24-09-2019,9683.38,353263,1.02,13,1557.1,2966.6,57.22,14994.9
25-09-2019,8553.61,347747,1.03,13,1528.9,2984.87,56.38,14994.9
26-09-2019,8432.23,355775,0.76,13,1532,2977.62,56.24,14994.9
27-09-2019,8055.64,303903,0.91,13,1523.3,2961.79,55.95,14994.9
30-09-2019,8056.74,311396,1.07,13,1489.8,2976.74,54.09,14994.9
01-10-2019,8307.74,337244,1.2,12,1505.6,2940.25,53.6,15121
02-10-2019,8322.92,326557,0.94,12,1524.6,2887.61,52.67,15121
03-10-2019,8382.03,326514,0.95,12,1530.1,2910.63,52.41,15121
04-10-2019,8236.17,337222,0.67,12,1529.4,2952.01,52.84,15121
07-10-2019,7869.74,328803,0.6,12,1521.1,2938.79,52.76,15121
08-10-2019,8212.02,336354,0.67,12,1520.7,2893.06,52.64,15121
09-10-2019,8190,311049,0.82,12,1529.7,2919.4,52.63,15121
10-10-2019,8587.92,345048,0.83,12,1517.9,2938.13,53.57,15121
11-10-2019,8586.9,345425,0.67,12,1505.4,2970.27,54.76,15121
14-10-2019,8283.76,304466,0.65,12,1514.4,2966.15,53.57,15121
15-10-2019,8353.54,339698,0.63,12,1500.4,2995.68,52.81,15121
16-10-2019,8162.16,338473,0.69,12,1510.8,2989.69,53.42,15121
17-10-2019,8002.51,334105,0.6,12,1515.1,2997.95,53.89,15121
18-10-2019,8076.78,339390,0.58,12,1510.4,2986.2,53.75,15121
21-10-2019,8231.06,351791,0.48,12,1504.6,3006.72,53.28,15121
22-10-2019,8222.52,341464,0.53,12,1503.9,2995.99,54.21,15121
23-10-2019,8026.76,349320,0.68,12,1512.2,3004.52,55.9,15121
24-10-2019,7469.56,303843,0.71,12,1521.3,3010.29,56.11,15121
25-10-2019,7431.88,328598,0.87,12,1522.2,3022.55,56.52,15121
28-10-2019,9551.54,309611,1.08,12,1512.8,3039.42,55.6,15121
29-10-2019,9218.76,307953,0.98,12,1507.5,3036.89,55.34,15121
30-10-2019,9433.35,314163,1.11,12,1513.6,3046.77,54.85,15121
31-10-2019,9164.62,293779,1.16,12,1531.3,3037.56,54.02,15121
01-11-2019,9147.98,316187,0.9,11,1528.4,3066.91,56.04,15266.6
04-11-2019,9206.16,310979,1.23,11,1528.4,3078.27,56.33,15266.6
05-11-2019,9418.05,332839,1.15,11,1500.9,3074.62,57.04,15266.6
06-11-2019,9310.19,314698,1.13,11,1510.5,3076.78,56.15,15266.6
07-11-2019,9343.34,324487,1.18,11,1483.6,3085.18,56.91,15266.6
08-11-2019,9204.24,311441,0.85,11,1480,3093.08,57.02,15266.6
12-11-2019,8717.81,301382,0.94,11,1470.7,3091.84,56.67,15266.6
13-11-2019,8801.52,318945,0.73,11,1480.4,3094.04,56.88,15266.6
14-11-2019,8762.42,350023,0.78,11,1490.5,3096.63,56.57,15266.6
15-11-2019,8632.32,325145,0.69,11,1485.7,3120.46,57.54,15266.6
18-11-2019,8503.93,304671,0.84,11,1489.2,3122.03,56.82,15266.6
19-11-2019,8175.99,327630,0.69,11,1491.7,3120.18,54.93,15266.6
20-11-2019,8120.8,321086,0.89,11,1491.5,3108.46,56.71,15266.6
21-11-2019,8081.81,323954,0.93,11,1481.1,3103.54,58.36,15266.6
22-11-2019,7617.07,310539,0.51,11,1481.2,3110.29,57.68,15266.6
25-11-2019,6907.4,279470,0.89,11,1474.7,3133.64,57.79,15266.6
26-11-2019,7130.25,321310,0.77,11,1477.8,3140.52,58.25,15266.6
27-11-2019,7163.63,317597,0.63,11,1471.1,3153.63,58.12,15266.6
29-11-2019,7431,311290,0.75,11,1483.2,3140.98,58.12,15266.6
02-12-2019,7402.69,314730,0.55,10,1479.4,3113.87,55.97,15418
03-12-2019,7309.59,336512,0.64,10,1494.8,3093.2,56.15,15418
04-12-2019,7296.77,337284,0.55,10,1490.6,3112.76,58.46,15418
05-12-2019,7192.85,311468,0.59,10,1493.6,3117.43,58.42,15418
06-12-2019,7395.97,315386,0.48,10,1475.8,3145.91,59.2,15418
09-12-2019,7522.39,313629,0.53,10,1475.6,3135.96,58.99,15418
10-12-2019,7337.42,320064,0.61,10,1478.8,3132.52,59.22,15418
11-12-2019,7220.76,291248,0.52,10,1485.8,3141.63,58.74,15418
12-12-2019,7202.31,311795,0.5,10,1483.1,3168.57,59.18,15418
13-12-2019,7189.16,322888,0.37,10,1492.3,3168.8,60.11,15418
16-12-2019,7111.14,327085,0.49,10,1491.6,3191.45,60.21,15418
17-12-2019,6879.54,319254,0.59,10,1491.9,3192.52,60.88,15418
18-12-2019,6612.12,314249,0.64,10,1489.9,3191.14,60.93,15418
19-12-2019,7284.29,319555,0.55,10,1495.5,3205.37,61.3,15418
20-12-2019,7150.86,332657,0.38,10,1492,3221.22,60.43,15418
23-12-2019,7514.41,304845,0.44,10,1499.9,3224.01,60.51,15418
24-12-2019,7322.08,290436,0.39,10,1516,3223.38,61.17,15418
26-12-2019,7192.72,296063,0.38,10,1525.7,3239.91,61.72,15418
27-12-2019,7194.4,322204,0.34,10,1529.7,3240.02,61.76,15418
30-12-2019,7385.36,324497,0.36,10,1530.3,3221.29,61.66,15418
31-12-2019,7219.6,293447,0.29,10,1535.1,3230.78,61.14,15418
02-01-2020,7175.68,295567,0.38,13,1540.1,3257.85,61.17,15420.9
03-01-2020,6944.33,316517,0.31,13,1564.5,3234.85,63,15420.9
06-01-2020,7351.57,299146,0.59,13,1580.9,3246.28,63.27,15420.9
07-01-2020,7759.24,344079,0.8,13,1586.3,3237.18,62.7,15420.9
08-01-2020,8165.47,318019,0.73,13,1572.3,3253.05,59.65,15420.9
09-01-2020,8042.65,322057,0.78,13,1566.4,3274.7,59.56,15420.9
10-01-2020,7817.92,330734,0.48,13,1572.1,3265.35,59.02,15420.9
13-01-2020,8173.97,291597,0.65,13,1562.7,3288.13,58.17,15420.9
14-01-2020,8105.24,346953,0.83,13,1556.5,3283.15,58.34,15420.9
15-01-2020,8842.42,332658,0.64,13,1565.6,3289.29,57.86,15420.9
16-01-2020,8813.89,325947,0.66,13,1562.2,3316.81,58.52,15420.9
17-01-2020,8722.03,323992,0.55,13,1572.3,3329.62,58.55,15420.9
21-01-2020,8626.47,315210,0.57,13,1569.9,3320.79,58.25,15420.9
22-01-2020,8722.26,328586,0.53,13,1568.7,3321.75,56.76,15420.9
23-01-2020,8658.94,329918,0.43,13,1577.3,3325.54,55.51,15420.9
24-01-2020,8388.11,313887,0.33,13,1583.9,3295.47,54.09,15420.9
27-01-2020,8588.42,279240,0.61,13,1589.5,3243.63,53.09,15420.9
28-01-2020,8895.78,340052,0.56,13,1581.7,3276.24,53.33,15420.9
29-01-2020,9385.69,340562,0.55,13,1582,3273.4,53.29,15420.9
30-01-2020,9279.81,332558,0.63,13,1595.1,3283.66,52.19,15420.9
31-01-2020,9502.37,334434,0.54,13,1593.8,3225.52,51.58,15420.9
03-02-2020,9314.56,331012,0.71,14,1588.3,3248.92,50.06,15457.2
04-02-2020,9284.51,309190,0.65,14,1561.4,3297.59,49.59,15457.2
05-02-2020,9162.14,368604,0.83,14,1568.7,3334.69,50.87,15457.2
06-02-2020,9614.9,315370,0.92,14,1575.8,3345.78,50.94,15457.2
07-02-2020,9755.66,334938,0.66,14,1579.2,3327.71,50.34,15457.2
10-02-2020,10162.41,298104,0.95,14,1585.4,3352.09,49.59,15457.2
11-02-2020,9854.79,365583,1.12,14,1575.9,3357.75,50,15457.2
12-02-2020,10275.38,344615,1.07,14,1577.3,3379.45,51.13,15457.2
13-02-2020,10354.3,340081,1.01,14,1584.5,3373.94,51.41,15457.2
14-02-2020,10242.43,326078,0.9,14,1591.9,3380.16,52.03,15457.2
18-02-2020,9703.93,331050,0.95,14,1609.3,3370.29,52.1,15457.2
19-02-2020,10180.65,334805,0.84,14,1617.5,3386.15,53.31,15457.2
20-02-2020,9604.72,316626,0.67,14,1626.2,3373.23,53.77,15457.2
21-02-2020,9606.86,338484,0.58,14,1654.6,3337.75,53.36,15457.2
24-02-2020,9989.39,328890,0.7,14,1682.4,3225.89,51.36,15457.2
25-02-2020,9663.75,334593,0.8,14,1655.8,3128.21,49.78,15457.2
26-02-2020,9309.15,329967,0.7,14,1648.9,3116.39,48.67,15457.2
27-02-2020,8785.52,338781,0.62,14,1648.2,2978.76,47.17,15457.2
28-02-2020,8804.72,368590,0.52,14,1571.8,2954.22,44.83,15457.2
02-03-2020,8534.17,342821,0.63,19,1599.5,3090.23,46.78,16181
03-03-2020,8912.82,342324,0.59,19,1648.9,3003.37,47.27,16181
04-03-2020,8754.34,358745,0.63,19,1647.2,3130.12,46.78,16181
05-03-2020,8758.9,349529,0.71,19,1672,3023.94,45.9,16181
06-03-2020,9067.39,338383,0.54,19,1676.1,2972.37,41.14,16181
09-03-2020,8039.38,348211,0.67,19,1678.6,2746.56,31.05,16181
10-03-2020,7931.94,329698,0.81,19,1663.3,2882.23,34.47,16181
11-03-2020,7885.46,287492,1.09,19,1645.4,2741.38,33.13,16181
12-03-2020,7936.65,349978,1.54,19,1593.2,2480.64,31.56,16181
13-03-2020,4830.21,276798,1.03,19,1519.5,2711.02,31.72,16181
16-03-2020,5348.44,270399,1.19,19,1488.6,2386.13,28.96,16181
17-03-2020,5026.35,278326,1.34,19,1528.1,2529.19,26.96,16181
18-03-2020,5357.61,231254,1.48,19,1480.6,2398.1,20.48,16181
19-03-2020,5410.23,265689,1.79,19,1482.3,2409.39,25.09,16181
20-03-2020,6195.2,284594,1.18,19,1488.1,2304.92,19.48,16181
23-03-2020,5822.62,259816,1.07,19,1572.7,2237.4,23.33,16181
24-03-2020,6502.16,278131,1.38,19,1663.3,2447.33,21.03,16181
25-03-2020,6768.49,218176,1.25,19,1634.3,2475.56,20.75,16181
26-03-2020,6698.46,292828,1,19,1660.3,2630.07,16.6,16181
27-03-2020,6763.75,276546,0.74,19,1654.1,2541.47,15.48,16181
30-03-2020,5885.41,276828,0.6,19,1643.2,2626.65,14.1,16181
31-03-2020,6405.29,290227,0.64,19,1596.6,2584.59,20.51,16181
01-04-2020,6428.28,281855,0.6,16,1591.4,2470.5,20.28,17269.8
02-04-2020,6652.87,299176,0.56,16,1637.7,2526.9,25.18,17269.8
03-04-2020,6809.11,278763,0.63,16,1645.7,2488.65,28.36,17269.8
06-04-2020,6777.44,280470,0.53,16,1693.9,2663.68,26.21,17269.8
07-04-2020,7343.2,312770,0.59,16,1683.7,2659.41,23.54,17269.8
08-04-2020,7205.55,286563,0.58,16,1684.3,2749.98,24.97,17269.8
09-04-2020,7365.03,286706,0.59,16,1752.8,2789.82,22.9,17269.8
13-04-2020,6915.37,288113,0.39,16,1761.4,2761.63,22.36,17269.8
14-04-2020,6857.66,299391,0.52,16,1768.9,2846.06,20.15,17269.8
15-04-2020,6871.95,310253,0.58,16,1740.2,2783.36,19.96,17269.8
16-04-2020,6623.8,322903,0.61,16,1731.7,2799.55,19.82,17269.8
17-04-2020,7112.27,284222,0.63,16,1698.8,2874.56,18.31,17269.8
20-04-2020,7130.04,310810,0.5,16,1711.2,2823.16,-36.98,17269.8
21-04-2020,6840.24,310851,0.52,16,1687.8,2736.56,8.91,17269.8
22-04-2020,6852.52,278755,0.64,16,1738.3,2799.31,13.64,17269.8
23-04-2020,7130.99,329045,0.91,16,1745.4,2797.8,15.06,17269.8
24-04-2020,7477.6,320055,0.87,16,1735.6,2836.74,15.99,17269.8
27-04-2020,7699.27,311217,0.69,16,1723.8,2878.48,12.17,17269.8
28-04-2020,7790.66,323475,0.66,16,1722.2,2863.39,12.4,17269.8
29-04-2020,7765.33,331401,1.3,16,1713.4,2939.51,15.04,17269.8
